{"stats":{"minecraft:used":{"minecraft:oak_fence":34,"minecraft:stone_sword":96,"minecraft:iron_shovel":49,"minecraft:tropical_fish":2,"minecraft:chest":2,"minecraft:shield":44,"minecraft:iron_sword":899,"minecraft:iron_chestplate":1,"minecraft:torch":212,"minecraft:dirt":26,"minecraft:jungle_planks":34,"minecraft:tuff":4,"minecraft:lava_bucket":2,"minecraft:iron_axe":252,"minecraft:jungle_log":5,"minecraft:iron_helmet":1,"minecraft:iron_boots":1,"tombstone:gift":4,"minecraft:cooked_beef":5,"magistuarmory:rustedchainmail_leggings":1,"minecraft:cobbled_deepslate":6,"minecraft:iron_leggings":1,"minecraft:cooked_mutton":16,"minecraft:wheat_seeds":10,"minecraft:water_bucket":7,"minecraft:mossy_stone_bricks":1,"minecraft:diorite":8,"minecraft:baked_potato":24,"minecraft:stone_pickaxe":653,"minecraft:oak_planks":9,"minecraft:wooden_pickaxe":74,"minecraft:cracked_stone_bricks":1,"minecraft:crafting_table":2,"minecraft:white_bed":3,"minecraft:cod":4,"minecraft:apple":4,"minecraft:iron_pickaxe":487,"magistuarmory:rustedchainmail_helmet":1,"minecraft:bread":9,"minecraft:melon_slice":132,"minecraft:gravel":4,"minecraft:fishing_rod":50,"minecraft:enchanted_book":1,"minecraft:wooden_sword":65,"minecraft:cobblestone":97,"minecraft:potion":1,"minecraft:bucket":9,"alexsmobs:animal_dictionary":1,"minecraft:dandelion":1},"minecraft:crafted":{"minecraft:fishing_rod":1,"minecraft:cooked_chicken":1,"minecraft:iron_axe":1,"minecraft:stone_pickaxe":3,"minecraft:chest":2,"minecraft:oak_fence":108,"minecraft:minecart":3,"minecraft:cooked_beef":9,"minecraft:crafting_table":2,"minecraft:iron_sword":1,"minecraft:polished_granite":4,"minecraft:jungle_planks":136,"minecraft:diamond_pickaxe":1,"minecraft:stick":136,"minecraft:iron_pickaxe":2,"minecraft:stone_sword":1,"minecraft:iron_shovel":1,"iceandfire:gold_pile":5,"minecraft:torch":194},"minecraft:custom":{"minecraft:mob_kills":100,"minecraft:animals_bred":6,"minecraft:interact_with_crafting_table":112,"minecraft:leave_game":3,"minecraft:time_since_death":63175,"minecraft:climb_one_cm":20282,"minecraft:sprint_one_cm":2339197,"minecraft:walk_one_cm":3257703,"minecraft:damage_blocked_by_shield":2740,"minecraft:drop":135,"minecraft:play_time":849411,"minecraft:sneak_time":13072,"minecraft:deaths":35,"minecraft:walk_under_water_one_cm":79737,"minecraft:boat_one_cm":104364,"minecraft:jump":7733,"minecraft:walk_on_water_one_cm":122160,"minecraft:total_world_time":849411,"minecraft:interact_with_furnace":14,"minecraft:sleep_in_bed":15,"minecraft:time_since_rest":60776,"minecraft:damage_taken":13719,"minecraft:damage_dealt":19723,"minecraft:swim_one_cm":182635,"minecraft:fly_one_cm":366078,"minecraft:open_chest":149,"minecraft:crouch_one_cm":29493,"tombstone:undead_killed":54,"minecraft:fish_caught":19,"minecraft:fall_one_cm":93243},"minecraft:killed_by":{"minecraft:player":1,"minecraft:creeper":5,"alexsmobs:leafcutter_ant":1,"minecraft:enderman":3,"alexsmobs:bison":1,"alexsmobs:centipede_head":1,"minecraft:skeleton":11,"minecraft:zombie":4,"alexsmobs:tarantula_hawk":1,"iceandfire:ghost":1},"minecraft:picked_up":{"minecraft:cocoa_beans":27,"minecraft:iron_chestplate":2,"minecraft:wheat":19,"minecraft:chicken":1,"minecraft:golden_pickaxe":1,"minecraft:wooden_pickaxe":3,"minecraft:potion":1,"minecraft:enchanted_book":3,"tombstone:grave_key":5,"minecraft:shield":2,"minecraft:string":22,"minecraft:raw_copper":33,"minecraft:wooden_sword":3,"minecraft:iron_leggings":2,"minecraft:pufferfish":1,"minecraft:cracked_stone_bricks":2,"minecraft:tnt_minecart":1,"minecraft:gold_nugget":89,"minecraft:cobbled_deepslate":143,"minecraft:beef":25,"minecraft:light_gray_wool":1,"minecraft:jungle_sapling":1,"minecraft:iron_nugget":32,"minecraft:poppy":1,"minecraft:iron_pickaxe":3,"alexsmobs:raccoon_tail":1,"minecraft:minecart":2,"minecraft:melon_slice":211,"minecraft:sugar_cane":3,"supplementaries:rope":4,"minecraft:iron_boots":2,"minecraft:egg":1,"tombstone:scroll_of_lightning_resistance":1,"minecraft:stick":22,"minecraft:raw_iron":47,"minecraft:jungle_door":2,"minecraft:oak_fence":15,"minecraft:torch":38,"magistuarmory:rusted_heavymace":1,"tombstone:grave_dust":5,"minecraft:diorite":74,"minecraft:redstone":27,"minecraft:stone_sword":5,"minecraft:arrow":17,"minecraft:rotten_flesh":74,"minecraft:tropical_fish":1,"supplementaries:antique_ink":5,"alexsmobs:emu_egg":3,"minecraft:skeleton_skull":1,"minecraft:mutton":10,"supplementaries:ash":54,"minecraft:rail":6,"minecraft:cod":33,"minecraft:white_wool":21,"alexsmobs:flying_fish":2,"minecraft:cobblestone":616,"minecraft:stripped_oak_log":4,"minecraft:birch_log":12,"minecraft:feather":1,"minecraft:cooked_beef":7,"minecraft:salmon":18,"minecraft:tripwire_hook":2,"minecraft:andesite":128,"minecraft:jungle_log":57,"minecraft:leather":18,"alexsmobs:bison_fur":1,"minecraft:flint":2,"minecraft:tuff":9,"minecraft:oak_log":351,"minecraft:lily_pad":2,"supplementaries:flax_seeds":9,"minecraft:gunpowder":1,"minecraft:lapis_lazuli":30,"minecraft:dirt":177,"minecraft:cooked_mutton":16,"minecraft:leather_boots":3,"minecraft:bone":76,"minecraft:apple":8,"minecraft:bow":1,"minecraft:wheat_seeds":92,"minecraft:iron_ingot":3,"minecraft:stone_pickaxe":3,"tombstone:bag_of_seeds":2,"minecraft:mossy_stone_bricks":1,"minecraft:bamboo":9,"minecraft:iron_sword":3,"minecraft:oak_planks":25,"minecraft:oak_slab":2,"minecraft:sand":4,"minecraft:dandelion":2,"minecraft:gravel":35,"wardrobe:ocelot_skin":2,"minecraft:jungle_planks":71,"minecraft:white_bed":5,"minecraft:ink_sac":9,"magistuarmory:rustedchainmail_leggings":2,"minecraft:spider_eye":2,"alexsmobs:raw_catfish":1,"magistuarmory:rustedchainmail_helmet":2,"minecraft:diamond":15,"magistuarmory:rustedcrusader_boots":2,"magistuarmory:corruptedroundshield":1,"minecraft:iron_helmet":2,"minecraft:granite":23,"minecraft:oak_sapling":11,"minecraft:gray_wool":1,"minecraft:baked_potato":24,"minecraft:emerald":21,"minecraft:bread":23,"minecraft:plenty_pottery_sherd":1,"tombstone:magic_scroll":1,"minecraft:melon_seeds":8,"minecraft:black_wool":5,"minecraft:coal":130,"iceandfire:raw_silver":24},"minecraft:dropped":{"minecraft:iron_ingot":58,"minecraft:iron_sword":1,"minecraft:oak_slab":2,"minecraft:wheat_seeds":7,"minecraft:cooked_beef":2,"minecraft:oak_log":15,"minecraft:golden_pickaxe":1,"minecraft:minecart":1,"minecraft:cobblestone":536,"minecraft:oak_fence":3,"minecraft:feather":1,"minecraft:glow_berries":13,"minecraft:leather":4,"minecraft:apple":2,"minecraft:jungle_planks":177,"minecraft:granite":19,"minecraft:cracked_stone_bricks":1,"minecraft:stick":1,"magistuarmory:rustedcrusader_boots":2,"minecraft:dirt":115,"minecraft:diorite":58,"minecraft:ink_sac":3,"minecraft:torch":28,"tombstone:grave_key":8,"minecraft:melon_slice":72,"alexsmobs:flying_fish":2,"minecraft:jungle_door":1,"minecraft:iron_leggings":1,"minecraft:wooden_sword":2,"minecraft:iron_shovel":1,"minecraft:lily_pad":2,"minecraft:bone":21,"minecraft:gravel":13,"minecraft:cobbled_deepslate":19,"minecraft:cooked_chicken":1,"minecraft:stone_sword":5,"minecraft:raw_copper":33,"minecraft:cocoa_beans":12,"minecraft:wheat":1,"minecraft:raw_iron":10,"minecraft:light_gray_wool":1,"wardrobe:ocelot_skin":1,"minecraft:rotten_flesh":29,"minecraft:oak_planks":3,"minecraft:stripped_oak_log":4,"minecraft:salmon":1,"supplementaries:ash":3,"supplementaries:flax_seeds":1,"minecraft:shield":1,"minecraft:iron_chestplate":1,"minecraft:andesite":127,"minecraft:melon_seeds":4,"minecraft:jungle_log":25,"minecraft:leather_boots":2,"minecraft:oak_sapling":11,"minecraft:beef":2,"minecraft:stone_pickaxe":2,"minecraft:wooden_pickaxe":2,"minecraft:black_wool":4,"minecraft:polished_granite":4},"minecraft:broken":{"magistuarmory:rustedchainmail_boots":1,"minecraft:wooden_pickaxe":1,"minecraft:stone_pickaxe":4,"minecraft:iron_axe":1,"minecraft:wooden_sword":1,"minecraft:iron_sword":2,"minecraft:iron_pickaxe":1,"minecraft:iron_helmet":1,"magistuarmory:rustedchainmail_leggings":1},"minecraft:killed":{"alexsmobs:raccoon":2,"minecraft:spider":6,"minecraft:skeleton":13,"minecraft:chicken":1,"minecraft:drowned":6,"alexsmobs:bison":1,"alexsmobs:flying_fish":1,"minecraft:ocelot":1,"alexsmobs:seal":3,"minecraft:bat":1,"minecraft:creeper":4,"minecraft:squid":6,"alexsmobs:catfish":1,"minecraft:zombie":35,"minecraft:donkey":3,"alexsmobs:terrapin":1,"minecraft:cow":5},"minecraft:mined":{"minecraft:tuff":14,"minecraft:white_bed":2,"iceandfire:silver_ore":21,"minecraft:deepslate_diamond_ore":16,"alexsmobs:leafcutter_anthill":1,"minecraft:jungle_leaves":5,"minecraft:granite":27,"minecraft:glow_lichen":5,"minecraft:grass_block":83,"minecraft:jungle_planks":8,"minecraft:jungle_log":56,"iceandfire:deepslate_silver_ore":2,"minecraft:sandstone":4,"minecraft:large_fern":1,"minecraft:raw_iron_block":1,"minecraft:iron_ore":20,"minecraft:chiseled_sandstone":1,"minecraft:andesite":42,"minecraft:deepslate_lapis_ore":3,"minecraft:flowering_azalea_leaves":1,"minecraft:deepslate_iron_ore":16,"minecraft:vine":39,"minecraft:cut_sandstone":1,"minecraft:bamboo":3,"minecraft:stone":301,"minecraft:deepslate_redstone_ore":10,"minecraft:oak_slab":3,"supplementaries:book_pile":1,"minecraft:dandelion":2,"minecraft:oak_fence":15,"minecraft:emerald_ore":1,"minecraft:poppy":1,"minecraft:melon":12,"minecraft:copper_ore":8,"minecraft:tall_grass":3,"minecraft:cobblestone":17,"minecraft:deepslate_gold_ore":1,"minecraft:oak_planks":24,"minecraft:sugar_cane":2,"minecraft:diorite":65,"supplementaries:urn":46,"minecraft:seagrass":2,"minecraft:cactus":2,"minecraft:birch_log":6,"minecraft:wheat":7,"minecraft:wither_rose":1,"minecraft:grass":117,"minecraft:coal_ore":96,"minecraft:oak_log":353,"minecraft:cocoa":5,"minecraft:gravel":31,"minecraft:dirt":51,"minecraft:cobweb":6,"minecraft:cracked_stone_bricks":2,"minecraft:birch_fence":1,"minecraft:mossy_stone_bricks":2,"minecraft:oak_leaves":53,"minecraft:deepslate":170,"minecraft:fern":23}},"DataVersion":3465}