{"stats":{"minecraft:picked_up":{"minecraft:iron_chestplate":8,"minecraft:chainmail_boots":1,"minecraft:diamond_sword":1,"minecraft:oak_stairs":1,"minecraft:golden_shovel":4,"minecraft:enchanted_book":5,"magistuarmory:barding":1,"minecraft:amethyst_block":113,"iceandfire:manuscript":4,"minecraft:string":44,"minecraft:dark_oak_trapdoor":2,"minecraft:pufferfish":1,"minecraft:beetroot":48,"minecraft:gold_nugget":174,"minecraft:cobbled_deepslate":1462,"minecraft:spruce_planks":6,"minecraft:melon_slice":271,"minecraft:coal_block":1,"minecraft:golden_helmet":3,"minecraft:acacia_log":31,"magistuarmory:rusted_heavymace":3,"magistuarmory:rustedcrusader_chestplate":3,"minecraft:golden_chestplate":7,"minecraft:stone_sword":5,"minecraft:lime_carpet":4,"minecraft:light_gray_bed":20,"minecraft:tropical_fish":1,"minecraft:white_terracotta":1,"alexsmobs:flying_fish":2,"minecraft:birch_log":18,"minecraft:feather":15,"minecraft:cooked_beef":18,"magistuarmory:rustedchainmail_boots":7,"minecraft:water_bucket":3,"minecraft:jungle_log":83,"alexsmobs:bison_fur":1,"minecraft:flint":8,"minecraft:glowstone_dust":45,"minecraft:moss_block":6,"minecraft:birch_fence_gate":2,"wardrobe:ocelot_skin":2,"minecraft:ink_sac":9,"minecraft:dark_oak_log":1,"minecraft:barrel":1,"minecraft:bundle":9,"minecraft:iron_hoe":4,"minecraft:granite":71,"alexsmobs:tarantula_hawk_wing_fragment":1,"minecraft:bread":66,"alexsmobs:maggot":1,"minecraft:rooted_dirt":45,"minecraft:plenty_pottery_sherd":1,"minecraft:crimson_roots":18,"iceandfire:raw_silver":46,"minecraft:diamond_pickaxe":1,"minecraft:crafting_table":7,"minecraft:coarse_dirt":2,"minecraft:sandstone_slab":18,"minecraft:clay_ball":4,"minecraft:leather_leggings":4,"minecraft:golden_pickaxe":1,"minecraft:cornflower":1,"minecraft:white_carpet":4,"minecraft:iron_shovel":1,"minecraft:glass_pane":90,"iceandfire:graveyard_soil":2,"minecraft:cracked_stone_bricks":5,"minecraft:beef":25,"minecraft:poppy":1,"minecraft:jungle_sapling":5,"minecraft:iron_nugget":82,"minecraft:minecart":2,"minecraft:chest":29,"minecraft:birch_sapling":2,"minecraft:egg":18,"minecraft:sandstone":9,"minecraft:stone":32,"minecraft:oak_door":2,"magistuarmory:rustedbarbute":7,"minecraft:carrot":1,"minecraft:redstone":1064,"minecraft:beetroot_seeds":105,"minecraft:diamond_boots":2,"minecraft:sandstone_stairs":8,"tombstone:essence_of_undeath":1,"minecraft:gold_ingot":2,"minecraft:totem_of_undying":2,"minecraft:glow_berries":1,"minecraft:mutton":21,"minecraft:white_wool":30,"minecraft:rail":41,"minecraft:stripped_oak_log":784,"magistuarmory:rustedhalfarmor_chestplate":3,"minecraft:tripwire_hook":2,"minecraft:oak_log":862,"minecraft:lily_pad":2,"minecraft:golden_boots":2,"minecraft:white_banner":1,"minecraft:stone_bricks":5,"minecraft:apple":19,"mowziesmobs:umvuthana_mask_rage":1,"minecraft:stone_pickaxe":3,"tombstone:bag_of_seeds":8,"minecraft:iron_sword":9,"minecraft:dark_oak_stairs":1,"iceandfire:copper_nugget":2,"minecraft:smooth_basalt":85,"minecraft:gravel":74,"magistuarmory:rustednorman_helmet":5,"magistuarmory:rustedchainmail_leggings":20,"minecraft:slime_ball":8,"minecraft:gray_wool":4,"minecraft:oak_button":1,"mowziesmobs:umvuthana_mask_fear":3,"minecraft:baked_potato":153,"minecraft:melon_seeds":26,"minecraft:mangrove_propagule":2,"minecraft:hopper":21,"minecraft:wheat":45,"minecraft:redstone_block":1,"minecraft:potion":1,"tombstone:grave_key":9,"minecraft:raw_copper":92,"minecraft:iron_leggings":8,"minecraft:armor_stand":3,"minecraft:zombie_head":1,"minecraft:experience_bottle":4,"minecraft:oak_sign":3,"alexsmobs:blood_sac":4,"minecraft:tnt_minecart":1,"minecraft:bucket":9,"minecraft:rose_bush":2,"minecraft:calcite":32,"minecraft:azalea":2,"minecraft:iron_pickaxe":16,"alexsmobs:raccoon_tail":1,"minecraft:iron_boots":6,"minecraft:furnace":4,"tombstone:scroll_of_lightning_resistance":1,"iceandfire:pixie_dust":2,"minecraft:stick":40,"iceandfire:ghost_chest":1,"minecraft:jungle_door":2,"minecraft:oak_fence":16,"minecraft:torch":509,"minecraft:porkchop":13,"iceandfire:rotten_egg":1,"tombstone:grave_dust":67,"minecraft:diorite":182,"minecraft:quartz_block":26,"minecraft:rotten_flesh":440,"alexsmobs:emu_egg":3,"minecraft:cod":33,"minecraft:cobblestone":1877,"minecraft:andesite":158,"minecraft:golden_leggings":2,"minecraft:potato":34,"minecraft:tuff":127,"minecraft:lapis_lazuli":478,"minecraft:dirt":2214,"minecraft:leather_boots":5,"minecraft:glass":64,"minecraft:bone":282,"minecraft:bow":5,"minecraft:wheat_seeds":204,"minecraft:raw_gold":13,"minecraft:cobbled_deepslate_slab":27,"minecraft:mossy_stone_bricks":1,"minecraft:bamboo":9,"minecraft:oak_planks":342,"minecraft:music_disc_13":1,"minecraft:sand":244,"minecraft:jungle_planks":75,"magistuarmory:rustedgreathelm":3,"minecraft:mossy_cobblestone":23,"minecraft:diamond":73,"magistuarmory:corruptedroundshield":13,"minecraft:crossbow":1,"minecraft:bone_meal":1,"minecraft:golden_apple":4,"minecraft:emerald":73,"minecraft:oak_sapling":21,"minecraft:netherrack":155,"minecraft:cocoa_beans":27,"minecraft:azure_bluet":2,"minecraft:chicken":3,"minecraft:ladder":7,"minecraft:brown_mushroom":1,"minecraft:wooden_pickaxe":3,"minecraft:stone_brick_wall":1,"minecraft:shield":12,"minecraft:moss_carpet":4,"minecraft:iron_axe":1,"minecraft:wooden_sword":3,"minecraft:item_frame":2,"minecraft:birch_fence":14,"minecraft:oak_boat":11,"minecraft:light_gray_wool":69,"minecraft:sugar_cane":137,"minecraft:dark_oak_sapling":1,"minecraft:raw_iron":405,"minecraft:copper_ingot":10,"minecraft:stone_button":10,"minecraft:cookie":1,"minecraft:light_blue_bed":3,"minecraft:dark_oak_planks":22,"iceandfire:silver_ingot":5,"minecraft:arrow":118,"minecraft:skeleton_skull":4,"minecraft:glow_ink_sac":3,"minecraft:crimson_stem":1,"minecraft:salmon":23,"minecraft:leather":22,"minecraft:crimson_fungus":15,"minecraft:chainmail_chestplate":2,"iceandfire:ectoplasm":7,"minecraft:gunpowder":45,"minecraft:cobblestone_wall":3,"minecraft:cobblestone_stairs":1,"minecraft:cooked_mutton":16,"minecraft:red_carpet":18,"minecraft:iron_ingot":83,"minecraft:acacia_sapling":11,"minecraft:oak_slab":203,"minecraft:warped_fungus":1,"magistuarmory:rustedchainmail_chestplate":4,"minecraft:pumpkin":6,"minecraft:quartz":107,"minecraft:dandelion":11,"minecraft:amethyst_shard":83,"minecraft:white_bed":38,"minecraft:spider_eye":8,"alexsmobs:raw_catfish":1,"magistuarmory:rustedchainmail_helmet":8,"magistuarmory:rusted_bastardsword":13,"minecraft:chainmail_leggings":2,"magistuarmory:rustedcrusader_boots":10,"minecraft:iron_helmet":10,"tombstone:magic_scroll":1,"minecraft:black_wool":1922,"minecraft:coal":639},"minecraft:custom":{"minecraft:interact_with_crafting_table":222,"minecraft:open_barrel":5,"minecraft:eat_cake_slice":1,"minecraft:leave_game":27,"minecraft:time_since_death":85890,"minecraft:damage_blocked_by_shield":27488,"minecraft:play_time":3676759,"minecraft:deaths":92,"minecraft:jump":30165,"minecraft:enchant_item":5,"minecraft:interact_with_furnace":93,"minecraft:sleep_in_bed":94,"minecraft:damage_dealt":173640,"tombstone:undead_killed":816,"minecraft:interact_with_smithing_table":3,"minecraft:interact_with_anvil":22,"minecraft:inspect_hopper":55,"minecraft:sneak_time":148015,"minecraft:total_world_time":3676759,"tombstone:raider_killed":14,"minecraft:interact_with_stonecutter":1,"minecraft:time_since_rest":4446,"minecraft:swim_one_cm":1236109,"minecraft:fly_one_cm":1928156,"minecraft:open_chest":1309,"minecraft:fish_caught":19,"minecraft:fall_one_cm":378010,"minecraft:animals_bred":45,"minecraft:sprint_one_cm":9732124,"minecraft:drop":642,"minecraft:talked_to_villager":61,"minecraft:walk_on_water_one_cm":807883,"tombstone:steal_effect":1,"minecraft:crouch_one_cm":280382,"minecraft:mob_kills":1014,"minecraft:climb_one_cm":186445,"minecraft:walk_one_cm":13286184,"minecraft:walk_under_water_one_cm":354007,"minecraft:boat_one_cm":1176022,"minecraft:interact_with_grindstone":3,"minecraft:damage_taken":50625,"minecraft:trigger_trapped_chest":2},"minecraft:dropped":{"minecraft:iron_sword":4,"iceandfire:raw_silver":2,"minecraft:lapis_lazuli":60,"minecraft:cooked_beef":8,"minecraft:diamond":69,"minecraft:crafting_table":1,"minecraft:sandstone_stairs":8,"minecraft:glow_berries":13,"minecraft:rooted_dirt":1,"iceandfire:ectoplasm":2,"minecraft:cracked_stone_bricks":2,"minecraft:rail":3,"minecraft:red_carpet":18,"minecraft:emerald":45,"minecraft:dirt":192,"minecraft:stone_button":10,"magistuarmory:rusted_bastardsword":14,"alexsmobs:flying_fish":2,"minecraft:wooden_sword":2,"minecraft:gold_nugget":51,"minecraft:sand":30,"minecraft:iron_pickaxe":14,"magistuarmory:corruptedroundshield":9,"minecraft:dark_oak_planks":11,"minecraft:white_wool":2,"minecraft:bone":211,"magistuarmory:rustedchainmail_leggings":21,"minecraft:oak_door":6,"magistuarmory:barding":1,"minecraft:cooked_chicken":1,"minecraft:golden_chestplate":5,"minecraft:cobbled_deepslate":260,"minecraft:birch_sapling":1,"minecraft:wheat":6,"minecraft:obsidian":7,"wardrobe:ocelot_skin":1,"minecraft:rotten_flesh":329,"minecraft:oak_planks":256,"minecraft:golden_shovel":2,"minecraft:azure_bluet":2,"minecraft:salmon":1,"iceandfire:ghost_chest":1,"minecraft:jungle_log":25,"minecraft:hopper":4,"minecraft:leather_boots":3,"minecraft:acacia_sapling":11,"minecraft:leather_leggings":3,"minecraft:glass":140,"minecraft:beef":2,"minecraft:egg":12,"minecraft:enchanted_book":1,"minecraft:golden_boots":4,"minecraft:iron_ingot":77,"minecraft:wheat_seeds":209,"minecraft:cobblestone":817,"minecraft:oak_fence":4,"minecraft:feather":6,"minecraft:iron_helmet":3,"mowziesmobs:umvuthana_mask_fear":3,"minecraft:apple":3,"minecraft:granite":47,"minecraft:coal":193,"magistuarmory:rustedcrusader_boots":11,"minecraft:gray_wool":3,"minecraft:ink_sac":3,"minecraft:rose_bush":2,"minecraft:lime_carpet":4,"minecraft:oak_stairs":1,"magistuarmory:rustedbarbute":7,"minecraft:iron_shovel":1,"minecraft:chainmail_leggings":2,"minecraft:string":15,"minecraft:lily_pad":2,"minecraft:furnace":4,"minecraft:stone_sword":5,"minecraft:cobblestone_wall":3,"minecraft:cocoa_beans":12,"minecraft:experience_bottle":4,"minecraft:chicken":2,"minecraft:white_carpet":4,"minecraft:clay_ball":4,"minecraft:iron_boots":3,"magistuarmory:rusted_heavymace":6,"minecraft:white_terracotta":1,"minecraft:oak_sign":3,"minecraft:diamond_sword":3,"minecraft:stone":27,"minecraft:bundle":2,"iceandfire:silver_ingot":1,"minecraft:spider_eye":5,"minecraft:bow":3,"minecraft:vex_armor_trim_smithing_template":1,"minecraft:black_wool":742,"minecraft:moss_block":5,"minecraft:oak_log":612,"minecraft:golden_pickaxe":1,"magistuarmory:rustedcrusader_chestplate":4,"minecraft:sandstone_slab":7,"minecraft:leather":15,"minecraft:jungle_planks":181,"magistuarmory:rustednorman_helmet":5,"minecraft:flint":2,"minecraft:music_disc_13":1,"tombstone:bag_of_seeds":4,"minecraft:cornflower":2,"minecraft:mutton":9,"minecraft:amethyst_shard":2,"minecraft:armor_stand":3,"minecraft:gravel":14,"minecraft:beetroot":88,"minecraft:chainmail_chestplate":2,"minecraft:gunpowder":11,"minecraft:beetroot_seeds":49,"minecraft:melon_seeds":6,"minecraft:stone_brick_wall":1,"minecraft:chest":2,"minecraft:chainmail_boots":1,"magistuarmory:rustedchainmail_chestplate":2,"minecraft:arrow":42,"magistuarmory:rustedchainmail_boots":11,"minecraft:polished_granite":4,"minecraft:water_bucket":2,"minecraft:bread":84,"minecraft:oak_slab":2,"magistuarmory:rustedkettlehat":1,"minecraft:golden_helmet":1,"minecraft:mossy_cobblestone":18,"minecraft:minecart":1,"minecraft:mangrove_propagule":2,"minecraft:amethyst_block":13,"minecraft:acacia_log":4,"magistuarmory:rustedgreathelm":2,"minecraft:stick":4,"minecraft:diorite":144,"minecraft:torch":932,"tombstone:grave_key":14,"minecraft:melon_slice":102,"minecraft:jungle_door":1,"tombstone:grave_dust":5,"minecraft:iron_leggings":5,"minecraft:iron_axe":5,"minecraft:bucket":4,"minecraft:dandelion":9,"minecraft:smooth_basalt":66,"minecraft:redstone":267,"alexsmobs:maggot":1,"minecraft:raw_copper":48,"minecraft:tuff":88,"minecraft:raw_iron":33,"magistuarmory:rustedhalfarmor_chestplate":3,"minecraft:light_gray_wool":22,"minecraft:iron_hoe":6,"minecraft:stripped_oak_log":124,"minecraft:totem_of_undying":1,"minecraft:glass_pane":13,"minecraft:filled_map":1,"minecraft:shield":7,"minecraft:oak_button":5,"magistuarmory:rustedchainmail_helmet":7,"iceandfire:rotten_egg":1,"minecraft:iron_chestplate":6,"minecraft:andesite":127,"minecraft:golden_leggings":4,"minecraft:oak_boat":1,"minecraft:oak_sapling":18,"minecraft:stone_pickaxe":2,"minecraft:wooden_pickaxe":2,"minecraft:calcite":30},"minecraft:killed_by":{"alexsmobs:leafcutter_ant":1,"minecraft:vindicator":2,"minecraft:zombie":12,"alexsmobs:grizzly_bear":2,"alexsmobs:giant_squid":2,"alexsmobs:bison":1,"alexsmobs:centipede_head":2,"alexsmobs:tarantula_hawk":1,"iceandfire:ghost":4,"iceandfire:cyclops":1,"minecraft:creeper":9,"alexsmobs:murmur_head":1,"minecraft:piglin":1,"iceandfire:fire_dragon":4,"minecraft:player":1,"minecraft:enderman":4,"minecraft:hoglin":4,"minecraft:skeleton":21,"iceandfire:lightning_dragon":1,"alexsmobs:crimson_mosquito":1},"minecraft:mined":{"minecraft:dark_oak_planks":29,"minecraft:blue_carpet":2,"minecraft:white_bed":37,"alexsmobs:leafcutter_anthill":1,"minecraft:jungle_leaves":6,"minecraft:carved_pumpkin":1,"minecraft:granite":83,"minecraft:acacia_log":5,"minecraft:yellow_carpet":1,"minecraft:brown_wool":1,"minecraft:jungle_log":83,"minecraft:light_gray_bed":19,"minecraft:coal_block":1,"minecraft:hopper":21,"minecraft:crimson_fungus":16,"minecraft:weeping_vines_plant":2,"minecraft:tall_seagrass":2,"minecraft:magma_block":2,"minecraft:cobbled_deepslate":228,"minecraft:fire":4,"minecraft:barrel":1,"minecraft:pumpkin":6,"minecraft:moss_carpet":1,"minecraft:deepslate_lapis_ore":53,"minecraft:cave_vines":4,"iceandfire:gold_pile":2,"minecraft:dirt_path":10,"minecraft:small_amethyst_bud":1,"minecraft:sandstone_slab":17,"minecraft:cut_sandstone":1,"minecraft:brown_mushroom":1,"minecraft:crimson_nylium":18,"minecraft:amethyst_cluster":20,"minecraft:torch":7,"minecraft:melon":25,"minecraft:glass":1,"minecraft:sugar_cane":7,"minecraft:amethyst_block":133,"minecraft:skeleton_skull":2,"minecraft:wheat":19,"minecraft:warped_fungus":1,"minecraft:wither_rose":1,"minecraft:grass":343,"minecraft:smooth_basalt":50,"minecraft:red_mushroom_block":1,"minecraft:deepslate":1424,"iceandfire:silver_ore":43,"minecraft:mossy_cobblestone":32,"minecraft:dark_oak_log":3,"minecraft:dark_oak_fence":12,"minecraft:birch_fence_gate":2,"minecraft:cobbled_deepslate_slab":16,"minecraft:spruce_fence":1,"minecraft:jungle_planks":12,"minecraft:crimson_roots":24,"minecraft:redstone_wire":2,"iceandfire:deepslate_silver_ore":2,"minecraft:moss_block":20,"minecraft:redstone_ore":73,"minecraft:andesite":70,"minecraft:potatoes":33,"minecraft:vine":153,"minecraft:rail":44,"minecraft:bamboo":3,"minecraft:white_wool":11,"minecraft:oak_slab":186,"minecraft:light_gray_carpet":2,"minecraft:redstone_block":1,"minecraft:glass_pane":53,"minecraft:dandelion":4,"minecraft:emerald_ore":1,"minecraft:tall_grass":41,"minecraft:copper_ore":21,"minecraft:deepslate_gold_ore":6,"minecraft:diorite":152,"minecraft:coarse_dirt":2,"minecraft:light_blue_bed":2,"minecraft:cobblestone_wall":1,"minecraft:birch_leaves":17,"minecraft:mangrove_leaves":12,"minecraft:gravel":134,"minecraft:cobweb":6,"minecraft:stone_bricks":12,"minecraft:gold_ore":12,"minecraft:fern":27,"minecraft:spruce_planks":6,"minecraft:attached_melon_stem":1,"minecraft:cobblestone_stairs":2,"minecraft:orange_wool":1,"minecraft:cave_vines_plant":3,"minecraft:budding_amethyst":22,"minecraft:grass_block":1124,"minecraft:sandstone_stairs":9,"minecraft:raw_iron_block":1,"minecraft:glowstone":21,"minecraft:iron_ore":240,"minecraft:dark_oak_stairs":3,"minecraft:flowering_azalea_leaves":1,"minecraft:azalea":4,"minecraft:deepslate_redstone_ore":246,"minecraft:melon_stem":8,"minecraft:medium_amethyst_bud":1,"minecraft:clay":6,"minecraft:calcite":49,"minecraft:poppy":2,"iceandfire:ghost_chest":5,"minecraft:chest":25,"minecraft:nether_quartz_ore":107,"minecraft:cobblestone":216,"minecraft:oak_planks":269,"minecraft:wall_torch":28,"minecraft:seagrass":3,"minecraft:birch_log":6,"minecraft:light_gray_wool":42,"minecraft:oak_log":568,"minecraft:beetroots":22,"minecraft:sand":235,"minecraft:dirt":1055,"minecraft:netherrack":131,"minecraft:oak_leaves":124,"minecraft:nether_gold_ore":9,"minecraft:diamond_ore":21,"minecraft:red_carpet":9,"minecraft:tuff":166,"minecraft:dark_oak_leaves":12,"minecraft:deepslate_diamond_ore":46,"minecraft:oak_door":2,"minecraft:glow_lichen":12,"minecraft:ladder":2,"minecraft:weeping_vines":2,"minecraft:white_stained_glass":1,"minecraft:brown_mushroom_block":3,"minecraft:spruce_leaves":26,"minecraft:mangrove_propagule":1,"minecraft:sandstone":15,"minecraft:rooted_dirt":28,"minecraft:crimson_stem":1,"minecraft:large_fern":2,"minecraft:furnace":4,"minecraft:chiseled_sandstone":6,"minecraft:gold_block":1,"minecraft:deepslate_iron_ore":139,"minecraft:stripped_oak_log":465,"minecraft:stone":1145,"minecraft:scaffolding":1,"minecraft:spruce_door":1,"minecraft:oak_fence":15,"minecraft:crafting_table":7,"minecraft:lime_carpet":3,"minecraft:deepslate_coal_ore":2,"minecraft:lapis_ore":34,"minecraft:gray_wool":1,"minecraft:birch_planks":18,"minecraft:cactus":2,"minecraft:black_wool":229,"minecraft:coal_ore":585,"minecraft:cocoa":5,"minecraft:gray_carpet":1,"minecraft:cracked_stone_bricks":6,"minecraft:small_dripleaf":1,"minecraft:mossy_stone_bricks":3,"minecraft:birch_fence":13},"minecraft:broken":{"minecraft:shears":4,"minecraft:iron_boots":1,"minecraft:wooden_sword":1,"minecraft:iron_sword":14,"minecraft:crossbow":1,"magistuarmory:rustedchainmail_boots":1,"magistuarmory:rustedgreathelm":1,"minecraft:wooden_pickaxe":1,"minecraft:shield":9,"minecraft:iron_axe":4,"minecraft:iron_pickaxe":22,"minecraft:iron_helmet":2,"magistuarmory:rustedchainmail_leggings":1,"minecraft:iron_shovel":1,"minecraft:leather_leggings":1,"minecraft:stone_pickaxe":4,"magistuarmory:rusted_bastardsword":1},"minecraft:used":{"minecraft:beetroot":7,"minecraft:ladder":7,"minecraft:chest":25,"minecraft:stone":298,"minecraft:rotten_flesh":1,"minecraft:lava_bucket":14,"minecraft:bow":49,"magistuarmory:rusted_bastardsword":245,"minecraft:potato":36,"magistuarmory:rustedchainmail_leggings":1,"minecraft:mossy_stone_bricks":1,"minecraft:diorite":9,"minecraft:leather_leggings":4,"minecraft:wooden_pickaxe":74,"minecraft:cookie":1,"minecraft:golden_apple":1,"minecraft:sand":200,"magistuarmory:rustedchainmail_helmet":1,"minecraft:diamond_sword":1077,"minecraft:wooden_sword":65,"minecraft:birch_log":5,"minecraft:oak_boat":11,"minecraft:stone_sword":96,"minecraft:acacia_log":1,"minecraft:netherrack":122,"minecraft:torch":824,"minecraft:stone_stairs":3,"minecraft:golden_shovel":21,"minecraft:iron_axe":1239,"minecraft:rooted_dirt":44,"minecraft:jungle_log":5,"minecraft:melon_seeds":16,"minecraft:smooth_basalt":3,"tombstone:gift":4,"minecraft:cobbled_deepslate":652,"minecraft:calcite":2,"minecraft:wheat_seeds":32,"minecraft:water_bucket":123,"minecraft:cracked_stone_bricks":2,"minecraft:mossy_cobblestone":5,"minecraft:rail":47,"minecraft:oak_slab":777,"minecraft:crafting_table":10,"minecraft:white_bed":40,"minecraft:cod":4,"minecraft:iron_pickaxe":5817,"tombstone:magic_scroll":1,"minecraft:enchanted_book":1,"minecraft:cobblestone":617,"minecraft:potion":1,"minecraft:sandstone_slab":11,"minecraft:glass_pane":84,"minecraft:stripped_oak_log":589,"minecraft:dandelion":1,"minecraft:iron_shovel":324,"minecraft:oak_sign":5,"minecraft:shield":541,"minecraft:iron_sword":4912,"minecraft:iron_chestplate":1,"minecraft:jungle_planks":34,"minecraft:carrot":2,"minecraft:tuff":32,"minecraft:glass":25,"minecraft:iron_helmet":2,"minecraft:light_blue_bed":3,"minecraft:stone_bricks":2,"minecraft:beetroot_seeds":11,"alexsmobs:raw_catfish":1,"minecraft:stone_pickaxe":653,"minecraft:oak_planks":566,"minecraft:sandstone":9,"minecraft:white_wool":7,"minecraft:shears":88,"minecraft:melon_slice":170,"minecraft:bread":308,"minecraft:gravel":17,"minecraft:golden_helmet":1,"minecraft:andesite":17,"minecraft:air":1,"minecraft:coarse_dirt":2,"minecraft:oak_fence":34,"minecraft:tropical_fish":2,"minecraft:oak_door":2,"minecraft:dirt":1898,"minecraft:hopper":21,"minecraft:granite":19,"minecraft:iron_boots":1,"minecraft:light_gray_wool":29,"minecraft:cooked_beef":17,"minecraft:light_gray_bed":19,"minecraft:iron_leggings":4,"minecraft:cooked_mutton":16,"minecraft:amethyst_block":7,"minecraft:baked_potato":214,"minecraft:black_wool":2068,"minecraft:apple":15,"minecraft:map":1,"minecraft:fishing_rod":50,"minecraft:crimson_fungus":1,"minecraft:cobbled_deepslate_slab":17,"minecraft:bucket":142,"alexsmobs:animal_dictionary":1},"minecraft:killed":{"iceandfire:stymphalian_bird":2,"minecraft:skeleton":84,"minecraft:chicken":4,"minecraft:salmon":5,"alexsmobs:seal":3,"minecraft:pillager":9,"minecraft:donkey":3,"minecraft:zombie":589,"minecraft:cow":5,"alexsmobs:raccoon":2,"minecraft:vindicator":4,"minecraft:ocelot":1,"minecraft:husk":1,"alexsmobs:catfish":2,"iceandfire:ghost":7,"minecraft:witch":1,"minecraft:zombified_piglin":3,"minecraft:spider":35,"minecraft:silverfish":1,"minecraft:piglin":2,"minecraft:zombie_villager":2,"minecraft:creeper":17,"alexsmobs:crimson_mosquito":7,"minecraft:sheep":7,"alexsmobs:terrapin":1,"iceandfire:pixie":2,"minecraft:slime":16,"alexsmobs:bison":1,"minecraft:drowned":130,"alexsmobs:flying_fish":1,"minecraft:bat":2,"mowziesmobs:umvuthana_follower_raptor":2,"minecraft:hoglin":3,"minecraft:squid":6},"minecraft:crafted":{"minecraft:oak_sign":3,"minecraft:glass":53,"minecraft:iron_pickaxe":25,"iceandfire:gold_pile":5,"minecraft:stone_stairs":4,"minecraft:stone_pickaxe":3,"minecraft:polished_granite":4,"minecraft:iron_shovel":1,"minecraft:white_bed":2,"minecraft:oak_planks":1296,"minecraft:cooked_chicken":1,"minecraft:stone":87,"minecraft:hopper":4,"minecraft:chest":2,"minecraft:oak_button":4,"minecraft:oak_fence":108,"minecraft:oak_slab":669,"minecraft:crafting_table":5,"minecraft:diamond_pickaxe":1,"minecraft:shield":6,"minecraft:stick":792,"minecraft:iron_ingot":22,"minecraft:stone_sword":1,"minecraft:shears":3,"minecraft:cobbled_deepslate_slab":6,"minecraft:oak_door":6,"minecraft:fishing_rod":1,"minecraft:iron_axe":8,"minecraft:iron_hoe":3,"minecraft:minecart":3,"minecraft:cooked_beef":21,"minecraft:diamond_sword":1,"minecraft:iron_sword":12,"minecraft:bucket":1,"minecraft:air":0,"minecraft:jungle_planks":136,"minecraft:oak_boat":2,"minecraft:torch":1478}},"DataVersion":3465}