{"stats":{"minecraft:broken":{"minecraft:iron_shovel":1,"minecraft:stone_pickaxe":4,"minecraft:wooden_sword":1,"minecraft:iron_sword":3,"magistuarmory:rustedchainmail_boots":1,"minecraft:wooden_pickaxe":1,"minecraft:iron_axe":2,"minecraft:iron_pickaxe":2,"minecraft:iron_helmet":1,"magistuarmory:rustedchainmail_leggings":1},"minecraft:used":{"minecraft:beetroot":7,"minecraft:iron_shovel":324,"minecraft:chest":2,"minecraft:shield":60,"minecraft:stone":102,"minecraft:iron_sword":1033,"minecraft:iron_chestplate":1,"minecraft:jungle_planks":34,"minecraft:carrot":2,"minecraft:tuff":4,"minecraft:lava_bucket":2,"minecraft:iron_helmet":1,"minecraft:beetroot_seeds":11,"minecraft:potato":33,"magistuarmory:rustedchainmail_leggings":1,"alexsmobs:raw_catfish":1,"minecraft:mossy_stone_bricks":1,"minecraft:diorite":8,"minecraft:stone_pickaxe":653,"minecraft:oak_planks":272,"minecraft:wooden_pickaxe":74,"minecraft:sandstone":9,"minecraft:cookie":1,"minecraft:golden_apple":1,"magistuarmory:rustedchainmail_helmet":1,"minecraft:bread":28,"minecraft:melon_slice":162,"minecraft:gravel":4,"minecraft:wooden_sword":65,"minecraft:oak_boat":2,"minecraft:oak_fence":34,"minecraft:stone_sword":96,"minecraft:acacia_log":1,"minecraft:tropical_fish":2,"minecraft:oak_door":2,"minecraft:torch":218,"minecraft:dirt":987,"minecraft:iron_axe":583,"minecraft:jungle_log":5,"minecraft:iron_boots":1,"minecraft:melon_seeds":16,"tombstone:gift":4,"minecraft:cooked_beef":17,"minecraft:cobbled_deepslate":18,"minecraft:light_gray_bed":3,"minecraft:iron_leggings":1,"minecraft:wheat_seeds":32,"minecraft:cooked_mutton":16,"minecraft:water_bucket":28,"minecraft:baked_potato":24,"minecraft:cracked_stone_bricks":1,"minecraft:crafting_table":2,"minecraft:white_bed":19,"minecraft:cod":4,"minecraft:black_wool":403,"minecraft:apple":14,"minecraft:iron_pickaxe":658,"minecraft:fishing_rod":50,"minecraft:enchanted_book":1,"minecraft:cobblestone":116,"minecraft:potion":1,"minecraft:sandstone_slab":11,"minecraft:bucket":29,"alexsmobs:animal_dictionary":1,"minecraft:stripped_oak_log":332,"minecraft:dandelion":1},"minecraft:custom":{"minecraft:animals_bred":6,"minecraft:interact_with_crafting_table":130,"minecraft:leave_game":7,"minecraft:time_since_death":377560,"minecraft:sprint_one_cm":3528948,"minecraft:damage_blocked_by_shield":3340,"minecraft:drop":193,"minecraft:talked_to_villager":5,"minecraft:play_time":1163796,"minecraft:deaths":35,"minecraft:jump":10084,"minecraft:walk_on_water_one_cm":223543,"minecraft:interact_with_furnace":33,"minecraft:sleep_in_bed":38,"minecraft:damage_dealt":22305,"minecraft:crouch_one_cm":40519,"tombstone:undead_killed":62,"minecraft:interact_with_smithing_table":1,"minecraft:interact_with_anvil":1,"minecraft:mob_kills":115,"minecraft:climb_one_cm":35458,"minecraft:walk_one_cm":4461839,"minecraft:sneak_time":16618,"minecraft:walk_under_water_one_cm":111000,"minecraft:boat_one_cm":501812,"minecraft:total_world_time":1163796,"minecraft:time_since_rest":3779,"minecraft:damage_taken":15421,"minecraft:swim_one_cm":241017,"minecraft:fly_one_cm":557091,"minecraft:open_chest":273,"minecraft:fish_caught":19,"minecraft:fall_one_cm":114825},"minecraft:dropped":{"minecraft:iron_sword":1,"minecraft:cooked_beef":7,"minecraft:oak_log":551,"minecraft:golden_pickaxe":1,"minecraft:sandstone_stairs":8,"minecraft:sandstone_slab":5,"minecraft:glow_berries":13,"minecraft:leather":13,"minecraft:jungle_planks":177,"minecraft:cracked_stone_bricks":1,"minecraft:dirt":177,"minecraft:cornflower":1,"alexsmobs:flying_fish":2,"minecraft:wooden_sword":2,"minecraft:iron_pickaxe":1,"minecraft:bone":22,"minecraft:oak_door":6,"minecraft:gravel":13,"minecraft:cooked_chicken":1,"minecraft:cobbled_deepslate":19,"minecraft:wheat":1,"minecraft:obsidian":7,"minecraft:beetroot":88,"minecraft:rotten_flesh":29,"wardrobe:ocelot_skin":1,"minecraft:oak_planks":3,"minecraft:azure_bluet":2,"minecraft:salmon":1,"supplementaries:flax_seeds":1,"supplementaries:ash":3,"minecraft:beetroot_seeds":45,"minecraft:melon_seeds":6,"minecraft:jungle_log":25,"minecraft:leather_boots":2,"minecraft:glass":30,"minecraft:beef":2,"minecraft:polished_granite":4,"minecraft:iron_ingot":58,"minecraft:oak_slab":2,"minecraft:wheat_seeds":32,"minecraft:minecart":1,"minecraft:oak_fence":3,"minecraft:feather":1,"minecraft:cobblestone":630,"minecraft:apple":2,"minecraft:granite":19,"minecraft:acacia_log":4,"minecraft:coal":145,"minecraft:stick":1,"magistuarmory:rustedcrusader_boots":2,"minecraft:gray_wool":3,"minecraft:diorite":66,"minecraft:ink_sac":3,"minecraft:torch":29,"tombstone:grave_key":8,"minecraft:melon_slice":102,"minecraft:jungle_door":1,"minecraft:iron_leggings":1,"minecraft:iron_axe":2,"minecraft:iron_shovel":1,"minecraft:lily_pad":2,"minecraft:dandelion":9,"minecraft:furnace":4,"minecraft:stone_sword":5,"minecraft:cocoa_beans":12,"minecraft:raw_copper":33,"minecraft:raw_iron":33,"minecraft:light_gray_wool":1,"minecraft:stripped_oak_log":4,"minecraft:stone":26,"minecraft:shield":1,"minecraft:iron_chestplate":1,"minecraft:andesite":127,"minecraft:oak_boat":1,"minecraft:oak_sapling":11,"minecraft:stone_pickaxe":2,"minecraft:wooden_pickaxe":2,"minecraft:black_wool":575},"minecraft:killed":{"minecraft:spider":6,"minecraft:skeleton":17,"minecraft:chicken":1,"minecraft:salmon":4,"alexsmobs:seal":3,"minecraft:creeper":5,"minecraft:donkey":3,"minecraft:zombie":39,"alexsmobs:terrapin":1,"minecraft:cow":5,"alexsmobs:raccoon":2,"minecraft:drowned":6,"alexsmobs:bison":1,"alexsmobs:flying_fish":1,"minecraft:ocelot":1,"minecraft:bat":1,"minecraft:squid":6,"alexsmobs:catfish":2},"minecraft:picked_up":{"minecraft:iron_chestplate":2,"minecraft:wheat":31,"minecraft:potion":1,"minecraft:enchanted_book":3,"tombstone:grave_key":5,"minecraft:string":23,"minecraft:raw_copper":33,"minecraft:iron_leggings":2,"minecraft:pufferfish":1,"minecraft:beetroot":48,"minecraft:cobbled_deepslate":151,"minecraft:tnt_minecart":1,"minecraft:gold_nugget":89,"minecraft:iron_pickaxe":3,"alexsmobs:raccoon_tail":1,"minecraft:melon_slice":271,"minecraft:iron_boots":2,"minecraft:furnace":4,"tombstone:scroll_of_lightning_resistance":1,"minecraft:stick":22,"minecraft:jungle_door":2,"minecraft:oak_fence":15,"minecraft:torch":45,"minecraft:acacia_log":5,"magistuarmory:rusted_heavymace":1,"tombstone:grave_dust":5,"minecraft:diorite":74,"minecraft:stone_sword":5,"minecraft:light_gray_bed":3,"minecraft:rotten_flesh":77,"minecraft:tropical_fish":1,"supplementaries:antique_ink":5,"alexsmobs:emu_egg":3,"supplementaries:ash":54,"minecraft:cod":33,"alexsmobs:flying_fish":2,"minecraft:cobblestone":758,"minecraft:birch_log":12,"minecraft:cooked_beef":18,"minecraft:feather":1,"minecraft:water_bucket":1,"minecraft:andesite":128,"minecraft:jungle_log":57,"minecraft:potato":33,"alexsmobs:bison_fur":1,"minecraft:flint":2,"minecraft:tuff":11,"supplementaries:flax_seeds":9,"minecraft:lapis_lazuli":30,"minecraft:dirt":1121,"minecraft:leather_boots":4,"minecraft:bone":78,"minecraft:bow":1,"minecraft:wheat_seeds":139,"minecraft:mossy_stone_bricks":1,"minecraft:bamboo":9,"minecraft:oak_planks":29,"minecraft:birch_fence_gate":2,"minecraft:jungle_planks":71,"wardrobe:ocelot_skin":2,"minecraft:sand":18,"minecraft:ink_sac":9,"minecraft:diamond":15,"magistuarmory:corruptedroundshield":1,"minecraft:granite":23,"alexsmobs:tarantula_hawk_wing_fragment":1,"minecraft:bone_meal":1,"minecraft:bread":25,"minecraft:emerald":26,"minecraft:plenty_pottery_sherd":1,"minecraft:oak_sapling":11,"iceandfire:raw_silver":24,"minecraft:cocoa_beans":27,"minecraft:sandstone_slab":16,"minecraft:azure_bluet":2,"minecraft:chicken":1,"minecraft:golden_pickaxe":1,"minecraft:wooden_pickaxe":3,"minecraft:shield":2,"minecraft:cornflower":1,"minecraft:wooden_sword":3,"minecraft:item_frame":2,"minecraft:iron_shovel":1,"minecraft:birch_fence":14,"minecraft:cracked_stone_bricks":2,"minecraft:beef":25,"minecraft:oak_boat":3,"minecraft:jungle_sapling":1,"minecraft:iron_nugget":32,"minecraft:poppy":1,"minecraft:light_gray_wool":1,"minecraft:minecart":2,"supplementaries:rope":4,"minecraft:sugar_cane":3,"minecraft:egg":3,"minecraft:raw_iron":48,"minecraft:sandstone":9,"minecraft:oak_door":2,"minecraft:cookie":1,"minecraft:carrot":1,"minecraft:redstone":27,"minecraft:arrow":23,"minecraft:beetroot_seeds":101,"minecraft:sandstone_stairs":8,"minecraft:white_wool":21,"minecraft:mutton":10,"minecraft:skeleton_skull":1,"minecraft:rail":6,"minecraft:stripped_oak_log":556,"minecraft:tripwire_hook":2,"minecraft:salmon":22,"minecraft:leather":18,"minecraft:oak_log":658,"minecraft:lily_pad":2,"minecraft:gunpowder":3,"minecraft:cooked_mutton":16,"minecraft:apple":9,"minecraft:iron_ingot":15,"minecraft:stone_pickaxe":3,"tombstone:bag_of_seeds":2,"minecraft:iron_sword":4,"minecraft:oak_slab":5,"minecraft:pumpkin":6,"minecraft:dandelion":11,"minecraft:gravel":35,"minecraft:white_bed":19,"magistuarmory:rustedchainmail_leggings":2,"minecraft:spider_eye":2,"alexsmobs:raw_catfish":1,"magistuarmory:rustedchainmail_helmet":2,"magistuarmory:rustedcrusader_boots":2,"minecraft:iron_helmet":2,"minecraft:gray_wool":4,"tombstone:magic_scroll":1,"minecraft:baked_potato":24,"minecraft:black_wool":585,"minecraft:melon_seeds":26,"minecraft:coal":130},"minecraft:killed_by":{"minecraft:creeper":5,"alexsmobs:leafcutter_ant":1,"minecraft:zombie":4,"minecraft:player":1,"minecraft:enderman":3,"alexsmobs:bison":1,"alexsmobs:centipede_head":1,"minecraft:skeleton":11,"alexsmobs:tarantula_hawk":1,"iceandfire:ghost":1},"minecraft:mined":{"minecraft:attached_melon_stem":1,"minecraft:white_bed":20,"alexsmobs:leafcutter_anthill":1,"minecraft:jungle_leaves":5,"minecraft:granite":27,"minecraft:acacia_log":5,"minecraft:grass_block":476,"minecraft:jungle_log":56,"minecraft:light_gray_bed":4,"minecraft:sandstone_stairs":9,"minecraft:tall_seagrass":1,"minecraft:raw_iron_block":1,"minecraft:iron_ore":20,"minecraft:pumpkin":6,"minecraft:deepslate_lapis_ore":3,"minecraft:flowering_azalea_leaves":1,"minecraft:sandstone_slab":16,"minecraft:deepslate_redstone_ore":15,"minecraft:cut_sandstone":1,"minecraft:melon_stem":8,"supplementaries:book_pile":1,"minecraft:torch":1,"minecraft:poppy":2,"minecraft:melon":25,"minecraft:cobblestone":17,"minecraft:sugar_cane":2,"minecraft:oak_planks":30,"minecraft:wall_torch":1,"minecraft:seagrass":2,"minecraft:birch_log":6,"minecraft:wheat":19,"minecraft:wither_rose":1,"minecraft:grass":293,"minecraft:oak_log":365,"minecraft:beetroots":22,"minecraft:sand":5,"minecraft:dirt":577,"minecraft:oak_leaves":57,"minecraft:deepslate":174,"minecraft:tuff":16,"iceandfire:silver_ore":21,"minecraft:oak_door":2,"minecraft:deepslate_diamond_ore":16,"minecraft:glow_lichen":5,"minecraft:birch_fence_gate":2,"minecraft:jungle_planks":8,"iceandfire:deepslate_silver_ore":2,"minecraft:sandstone":15,"minecraft:large_fern":1,"minecraft:furnace":4,"minecraft:chiseled_sandstone":6,"minecraft:andesite":42,"minecraft:potatoes":33,"minecraft:deepslate_iron_ore":17,"minecraft:vine":53,"minecraft:stripped_oak_log":346,"minecraft:bamboo":3,"minecraft:stone":360,"minecraft:oak_slab":6,"minecraft:dandelion":2,"minecraft:oak_fence":15,"minecraft:emerald_ore":1,"minecraft:tall_grass":11,"minecraft:copper_ore":8,"minecraft:deepslate_gold_ore":4,"minecraft:diorite":65,"supplementaries:urn":49,"minecraft:cactus":2,"minecraft:black_wool":54,"minecraft:coal_ore":96,"minecraft:cocoa":5,"minecraft:gravel":31,"minecraft:cobweb":6,"minecraft:cracked_stone_bricks":2,"minecraft:mossy_stone_bricks":2,"minecraft:birch_fence":13,"minecraft:fern":24},"minecraft:crafted":{"minecraft:oak_planks":106,"minecraft:cooked_chicken":1,"minecraft:glass":15,"minecraft:chest":2,"minecraft:oak_fence":108,"minecraft:crafting_table":2,"minecraft:diamond_pickaxe":1,"minecraft:stick":142,"minecraft:iron_pickaxe":2,"minecraft:stone_sword":1,"iceandfire:gold_pile":5,"minecraft:shears":1,"minecraft:oak_door":6,"minecraft:fishing_rod":1,"minecraft:iron_axe":4,"minecraft:stone_pickaxe":3,"minecraft:minecart":3,"minecraft:cooked_beef":21,"minecraft:iron_sword":1,"minecraft:polished_granite":4,"minecraft:jungle_planks":136,"minecraft:oak_boat":1,"minecraft:iron_shovel":1,"minecraft:torch":194}},"DataVersion":3465}