{"stats":{"minecraft:broken":{"minecraft:iron_shovel":1,"minecraft:shears":4,"minecraft:stone_pickaxe":4,"minecraft:wooden_sword":1,"minecraft:iron_sword":8,"minecraft:crossbow":1,"magistuarmory:rustedchainmail_boots":1,"magistuarmory:rustedgreathelm":1,"minecraft:wooden_pickaxe":1,"minecraft:shield":8,"minecraft:iron_axe":4,"minecraft:iron_pickaxe":15,"minecraft:iron_helmet":2,"magistuarmory:rusted_bastardsword":1,"magistuarmory:rustedchainmail_leggings":1},"minecraft:used":{"minecraft:beetroot":7,"minecraft:iron_shovel":324,"minecraft:chest":2,"minecraft:oak_sign":5,"minecraft:shield":489,"minecraft:stone":298,"minecraft:iron_sword":2974,"minecraft:rotten_flesh":1,"minecraft:iron_chestplate":1,"minecraft:jungle_planks":34,"minecraft:carrot":2,"minecraft:tuff":4,"minecraft:glass":25,"minecraft:lava_bucket":2,"minecraft:iron_helmet":1,"minecraft:light_blue_bed":3,"supplementaries:bomb_blue":1,"minecraft:bow":49,"magistuarmory:rusted_bastardsword":245,"minecraft:beetroot_seeds":11,"minecraft:potato":36,"magistuarmory:rustedchainmail_leggings":1,"alexsmobs:raw_catfish":1,"minecraft:mossy_stone_bricks":1,"minecraft:diorite":9,"minecraft:oak_planks":566,"minecraft:stone_pickaxe":653,"minecraft:wooden_pickaxe":74,"minecraft:sandstone":9,"minecraft:cookie":1,"minecraft:golden_apple":1,"minecraft:white_wool":7,"minecraft:sand":198,"minecraft:shears":88,"magistuarmory:rustedchainmail_helmet":1,"minecraft:melon_slice":170,"minecraft:bread":177,"minecraft:gravel":17,"minecraft:diamond_sword":215,"minecraft:wooden_sword":65,"minecraft:andesite":9,"minecraft:oak_boat":8,"minecraft:air":1,"minecraft:coarse_dirt":2,"minecraft:oak_fence":34,"minecraft:acacia_log":1,"minecraft:stone_sword":96,"minecraft:tropical_fish":2,"minecraft:netherrack":122,"minecraft:oak_door":2,"minecraft:torch":688,"minecraft:dirt":1881,"minecraft:stone_stairs":3,"minecraft:granite":19,"minecraft:iron_axe":1031,"minecraft:rooted_dirt":44,"minecraft:jungle_log":5,"minecraft:iron_boots":1,"minecraft:melon_seeds":16,"minecraft:light_gray_wool":29,"minecraft:light_gray_bed":18,"tombstone:gift":4,"minecraft:cooked_beef":17,"minecraft:cobbled_deepslate":342,"minecraft:iron_leggings":1,"minecraft:wheat_seeds":32,"minecraft:cooked_mutton":16,"minecraft:water_bucket":70,"minecraft:baked_potato":185,"minecraft:cracked_stone_bricks":1,"minecraft:oak_slab":777,"minecraft:crafting_table":8,"minecraft:white_bed":29,"minecraft:cod":4,"minecraft:black_wool":2068,"minecraft:apple":15,"minecraft:iron_pickaxe":4202,"minecraft:enchanted_book":1,"minecraft:fishing_rod":50,"minecraft:crimson_fungus":1,"minecraft:cobblestone":390,"minecraft:potion":1,"minecraft:bucket":71,"minecraft:sandstone_slab":11,"minecraft:glass_pane":84,"minecraft:dandelion":1,"minecraft:stripped_oak_log":588,"alexsmobs:animal_dictionary":1},"minecraft:custom":{"minecraft:animals_bred":45,"minecraft:interact_with_crafting_table":185,"minecraft:open_barrel":3,"minecraft:leave_game":18,"minecraft:time_since_death":27333,"minecraft:sprint_one_cm":8150934,"minecraft:damage_blocked_by_shield":24319,"minecraft:drop":408,"minecraft:talked_to_villager":48,"minecraft:play_time":2826692,"minecraft:deaths":84,"minecraft:jump":24948,"minecraft:walk_on_water_one_cm":630166,"minecraft:interact_with_furnace":69,"minecraft:sleep_in_bed":84,"minecraft:damage_dealt":62548,"minecraft:crouch_one_cm":49291,"tombstone:undead_killed":208,"minecraft:interact_with_smithing_table":2,"minecraft:interact_with_anvil":6,"minecraft:mob_kills":348,"minecraft:climb_one_cm":72264,"minecraft:walk_one_cm":11228782,"minecraft:sneak_time":19403,"minecraft:walk_under_water_one_cm":276312,"minecraft:boat_one_cm":970317,"minecraft:total_world_time":2826692,"tombstone:raider_killed":2,"minecraft:interact_with_stonecutter":1,"minecraft:interact_with_grindstone":3,"minecraft:time_since_rest":24934,"minecraft:damage_taken":41949,"minecraft:trigger_trapped_chest":2,"minecraft:swim_one_cm":1086585,"minecraft:fly_one_cm":1430315,"minecraft:open_chest":830,"minecraft:fish_caught":19,"minecraft:fall_one_cm":314912},"minecraft:dropped":{"minecraft:iron_sword":4,"iceandfire:raw_silver":2,"minecraft:moss_block":5,"minecraft:lapis_lazuli":60,"minecraft:cooked_beef":8,"minecraft:oak_log":612,"minecraft:golden_pickaxe":1,"minecraft:diamond":69,"minecraft:crafting_table":1,"minecraft:sandstone_stairs":8,"minecraft:sandstone_slab":7,"minecraft:glow_berries":13,"minecraft:rooted_dirt":1,"minecraft:leather":15,"minecraft:jungle_planks":181,"minecraft:cracked_stone_bricks":1,"magistuarmory:rustednorman_helmet":1,"minecraft:rail":1,"minecraft:emerald":45,"minecraft:dirt":180,"tombstone:bag_of_seeds":2,"minecraft:stone_button":10,"minecraft:cornflower":2,"minecraft:mutton":9,"alexsmobs:flying_fish":2,"magistuarmory:rusted_bastardsword":2,"minecraft:gold_nugget":48,"minecraft:wooden_sword":2,"minecraft:sand":4,"minecraft:iron_pickaxe":9,"magistuarmory:corruptedroundshield":2,"minecraft:white_wool":1,"minecraft:bone":198,"magistuarmory:rustedchainmail_leggings":1,"minecraft:oak_door":6,"minecraft:gravel":14,"minecraft:cooked_chicken":1,"minecraft:golden_chestplate":2,"minecraft:cobbled_deepslate":177,"minecraft:wheat":1,"minecraft:obsidian":7,"minecraft:beetroot":88,"minecraft:rotten_flesh":95,"wardrobe:ocelot_skin":1,"minecraft:oak_planks":133,"minecraft:azure_bluet":2,"minecraft:salmon":1,"minecraft:chainmail_chestplate":2,"supplementaries:flax_seeds":64,"supplementaries:ash":8,"iceandfire:ghost_chest":1,"minecraft:beetroot_seeds":45,"minecraft:melon_seeds":6,"minecraft:jungle_log":25,"minecraft:leather_boots":2,"minecraft:stone_brick_wall":1,"minecraft:acacia_sapling":11,"minecraft:chainmail_boots":1,"minecraft:leather_leggings":3,"minecraft:arrow":25,"minecraft:glass":140,"minecraft:beef":2,"magistuarmory:rustedchainmail_boots":3,"minecraft:polished_granite":4,"minecraft:egg":3,"minecraft:iron_ingot":69,"minecraft:bread":21,"minecraft:oak_slab":2,"minecraft:wheat_seeds":153,"minecraft:minecart":1,"minecraft:iron_helmet":2,"minecraft:mangrove_propagule":2,"minecraft:oak_fence":4,"minecraft:feather":3,"minecraft:cobblestone":718,"mowziesmobs:umvuthana_mask_fear":3,"minecraft:apple":3,"minecraft:granite":34,"minecraft:acacia_log":4,"minecraft:coal":193,"minecraft:stick":4,"magistuarmory:rustedcrusader_boots":2,"minecraft:gray_wool":3,"minecraft:diorite":74,"minecraft:ink_sac":3,"minecraft:torch":678,"tombstone:grave_key":14,"minecraft:rose_bush":2,"minecraft:melon_slice":102,"minecraft:jungle_door":1,"tombstone:grave_dust":2,"minecraft:iron_leggings":4,"minecraft:oak_stairs":1,"minecraft:iron_axe":5,"magistuarmory:rustedbarbute":5,"minecraft:chainmail_leggings":2,"minecraft:iron_shovel":1,"minecraft:string":15,"minecraft:lily_pad":2,"minecraft:redstone":149,"minecraft:dandelion":9,"minecraft:furnace":4,"alexsmobs:maggot":1,"minecraft:stone_sword":5,"minecraft:raw_copper":33,"minecraft:cocoa_beans":12,"minecraft:tuff":53,"minecraft:experience_bottle":4,"minecraft:raw_iron":33,"magistuarmory:rustedhalfarmor_chestplate":1,"minecraft:light_gray_wool":22,"minecraft:clay_ball":4,"minecraft:iron_boots":3,"minecraft:stripped_oak_log":4,"minecraft:white_terracotta":1,"minecraft:oak_sign":3,"minecraft:glass_pane":13,"minecraft:diamond_sword":1,"minecraft:stone":27,"minecraft:shield":5,"minecraft:oak_button":5,"minecraft:bundle":1,"minecraft:iron_chestplate":4,"minecraft:andesite":127,"iceandfire:silver_ingot":1,"minecraft:oak_boat":1,"minecraft:oak_sapling":18,"minecraft:spider_eye":3,"minecraft:bow":3,"minecraft:stone_pickaxe":2,"minecraft:wooden_pickaxe":2,"minecraft:calcite":2,"minecraft:black_wool":742},"minecraft:killed":{"minecraft:witch":1,"minecraft:spider":26,"iceandfire:stymphalian_bird":2,"minecraft:skeleton":62,"minecraft:chicken":1,"minecraft:silverfish":1,"minecraft:piglin":2,"minecraft:zombie_villager":2,"minecraft:salmon":5,"alexsmobs:seal":3,"minecraft:creeper":14,"alexsmobs:crimson_mosquito":7,"minecraft:sheep":7,"minecraft:pillager":1,"minecraft:donkey":3,"minecraft:zombie":132,"alexsmobs:terrapin":1,"iceandfire:pixie":2,"minecraft:cow":5,"alexsmobs:raccoon":2,"minecraft:slime":16,"alexsmobs:bison":1,"minecraft:drowned":6,"alexsmobs:flying_fish":1,"minecraft:ocelot":1,"minecraft:husk":1,"minecraft:bat":2,"minecraft:hoglin":3,"minecraft:squid":6,"alexsmobs:catfish":2,"iceandfire:ghost":5},"minecraft:picked_up":{"minecraft:iron_chestplate":4,"minecraft:wheat":40,"minecraft:chainmail_boots":1,"supplementaries:bomb_blue":1,"minecraft:diamond_sword":1,"minecraft:oak_stairs":1,"minecraft:enchanted_book":4,"minecraft:potion":1,"tombstone:grave_key":9,"minecraft:amethyst_block":86,"iceandfire:manuscript":4,"minecraft:string":42,"minecraft:raw_copper":77,"minecraft:iron_leggings":5,"minecraft:experience_bottle":4,"minecraft:pufferfish":1,"minecraft:zombie_head":1,"minecraft:oak_sign":3,"minecraft:beetroot":48,"alexsmobs:blood_sac":4,"minecraft:tnt_minecart":1,"minecraft:gold_nugget":171,"minecraft:cobbled_deepslate":743,"minecraft:spruce_planks":6,"minecraft:azalea":2,"minecraft:rose_bush":2,"minecraft:calcite":2,"minecraft:iron_pickaxe":13,"alexsmobs:raccoon_tail":1,"minecraft:melon_slice":271,"minecraft:coal_block":1,"minecraft:iron_boots":4,"minecraft:furnace":4,"iceandfire:pixie_dust":2,"tombstone:scroll_of_lightning_resistance":1,"minecraft:stick":38,"iceandfire:ghost_chest":1,"minecraft:jungle_door":2,"minecraft:oak_fence":16,"minecraft:torch":487,"minecraft:acacia_log":31,"minecraft:porkchop":13,"magistuarmory:rusted_heavymace":1,"tombstone:grave_dust":29,"minecraft:diorite":112,"minecraft:golden_chestplate":2,"minecraft:quartz_block":26,"minecraft:stone_sword":5,"minecraft:light_gray_bed":19,"minecraft:rotten_flesh":144,"minecraft:tropical_fish":1,"supplementaries:antique_ink":16,"alexsmobs:emu_egg":3,"minecraft:white_terracotta":1,"supplementaries:ash":231,"minecraft:cod":33,"alexsmobs:flying_fish":2,"minecraft:cobblestone":1566,"minecraft:birch_log":18,"minecraft:feather":4,"minecraft:cooked_beef":18,"magistuarmory:rustedchainmail_boots":3,"minecraft:andesite":150,"minecraft:water_bucket":1,"minecraft:jungle_log":83,"minecraft:potato":33,"alexsmobs:bison_fur":1,"minecraft:flint":6,"minecraft:tuff":64,"supplementaries:flax_seeds":73,"minecraft:lapis_lazuli":355,"minecraft:dirt":2183,"minecraft:leather_boots":4,"minecraft:glass":64,"minecraft:bone":258,"minecraft:bow":5,"minecraft:wheat_seeds":148,"minecraft:raw_gold":13,"minecraft:mossy_stone_bricks":1,"minecraft:bamboo":9,"minecraft:glowstone_dust":45,"minecraft:moss_block":6,"minecraft:oak_planks":180,"minecraft:birch_fence_gate":2,"wardrobe:ocelot_skin":2,"minecraft:sand":216,"minecraft:jungle_planks":75,"minecraft:ink_sac":9,"magistuarmory:rustedgreathelm":1,"minecraft:dark_oak_log":1,"minecraft:bundle":5,"minecraft:diamond":63,"magistuarmory:corruptedroundshield":3,"minecraft:crossbow":1,"minecraft:granite":57,"alexsmobs:tarantula_hawk_wing_fragment":1,"minecraft:bone_meal":1,"minecraft:golden_apple":4,"minecraft:rooted_dirt":45,"minecraft:emerald":58,"minecraft:bread":26,"alexsmobs:maggot":1,"minecraft:plenty_pottery_sherd":1,"minecraft:oak_sapling":21,"minecraft:netherrack":155,"minecraft:crimson_roots":18,"iceandfire:raw_silver":46,"minecraft:coarse_dirt":2,"minecraft:cocoa_beans":27,"minecraft:crafting_table":7,"minecraft:sandstone_slab":18,"minecraft:azure_bluet":2,"minecraft:chicken":1,"minecraft:clay_ball":4,"minecraft:golden_pickaxe":1,"minecraft:leather_leggings":3,"minecraft:brown_mushroom":1,"minecraft:wooden_pickaxe":3,"minecraft:stone_brick_wall":1,"minecraft:shield":10,"minecraft:cornflower":1,"minecraft:moss_carpet":4,"minecraft:iron_axe":1,"minecraft:wooden_sword":3,"minecraft:item_frame":2,"minecraft:iron_shovel":1,"minecraft:birch_fence":14,"minecraft:glass_pane":90,"iceandfire:graveyard_soil":2,"minecraft:cracked_stone_bricks":3,"minecraft:beef":25,"minecraft:oak_boat":8,"minecraft:birch_sapling":2,"minecraft:jungle_sapling":5,"minecraft:iron_nugget":82,"minecraft:poppy":1,"minecraft:light_gray_wool":69,"minecraft:minecart":2,"minecraft:sugar_cane":137,"supplementaries:rope":4,"minecraft:egg":9,"minecraft:dark_oak_sapling":1,"minecraft:raw_iron":376,"minecraft:sandstone":9,"minecraft:stone":32,"minecraft:oak_door":2,"minecraft:copper_ingot":4,"magistuarmory:rustedbarbute":5,"minecraft:stone_button":10,"minecraft:cookie":1,"minecraft:carrot":1,"minecraft:redstone":825,"minecraft:light_blue_bed":3,"iceandfire:silver_ingot":5,"minecraft:arrow":102,"minecraft:beetroot_seeds":101,"minecraft:diamond_boots":1,"minecraft:glow_berries":1,"minecraft:sandstone_stairs":8,"minecraft:gold_ingot":2,"tombstone:essence_of_undeath":1,"minecraft:mutton":21,"minecraft:skeleton_skull":4,"minecraft:white_wool":30,"minecraft:rail":7,"minecraft:stripped_oak_log":663,"magistuarmory:rustedhalfarmor_chestplate":1,"minecraft:glow_ink_sac":3,"minecraft:tripwire_hook":2,"minecraft:crimson_stem":1,"minecraft:salmon":23,"minecraft:leather":22,"minecraft:crimson_fungus":15,"minecraft:oak_log":862,"minecraft:chainmail_chestplate":1,"minecraft:lily_pad":2,"iceandfire:ectoplasm":5,"minecraft:gunpowder":12,"minecraft:cooked_mutton":16,"minecraft:apple":19,"minecraft:iron_ingot":31,"minecraft:stone_pickaxe":3,"tombstone:bag_of_seeds":6,"minecraft:iron_sword":9,"minecraft:acacia_sapling":11,"minecraft:oak_slab":203,"iceandfire:copper_nugget":2,"minecraft:warped_fungus":1,"minecraft:pumpkin":6,"minecraft:quartz":107,"minecraft:dandelion":11,"minecraft:gravel":66,"minecraft:amethyst_shard":75,"magistuarmory:rustednorman_helmet":1,"minecraft:white_bed":29,"magistuarmory:rustedchainmail_leggings":4,"minecraft:spider_eye":7,"alexsmobs:raw_catfish":1,"magistuarmory:rustedchainmail_helmet":2,"minecraft:slime_ball":8,"magistuarmory:rusted_bastardsword":3,"minecraft:chainmail_leggings":2,"magistuarmory:rustedcrusader_boots":2,"minecraft:iron_helmet":7,"minecraft:gray_wool":4,"minecraft:oak_button":1,"mowziesmobs:umvuthana_mask_fear":3,"minecraft:baked_potato":153,"tombstone:magic_scroll":1,"minecraft:melon_seeds":26,"minecraft:black_wool":1922,"minecraft:coal":586,"minecraft:mangrove_propagule":2},"minecraft:killed_by":{"iceandfire:cyclops":1,"minecraft:creeper":8,"alexsmobs:leafcutter_ant":1,"alexsmobs:murmur_head":1,"minecraft:piglin":1,"minecraft:zombie":12,"alexsmobs:grizzly_bear":2,"iceandfire:fire_dragon":4,"minecraft:player":1,"minecraft:enderman":4,"alexsmobs:bison":1,"minecraft:hoglin":4,"alexsmobs:centipede_head":2,"minecraft:skeleton":19,"iceandfire:lightning_dragon":1,"alexsmobs:tarantula_hawk":1,"alexsmobs:crimson_mosquito":1,"iceandfire:ghost":3},"minecraft:mined":{"minecraft:spruce_planks":6,"minecraft:attached_melon_stem":1,"minecraft:white_bed":28,"alexsmobs:leafcutter_anthill":1,"minecraft:jungle_leaves":5,"minecraft:cave_vines_plant":3,"minecraft:granite":76,"minecraft:budding_amethyst":19,"minecraft:acacia_log":5,"minecraft:grass_block":1106,"minecraft:light_gray_bed":18,"minecraft:jungle_log":83,"minecraft:coal_block":1,"minecraft:crimson_fungus":16,"minecraft:sandstone_stairs":9,"minecraft:weeping_vines_plant":2,"minecraft:tall_seagrass":1,"minecraft:raw_iron_block":1,"minecraft:magma_block":2,"minecraft:glowstone":21,"minecraft:fire":2,"minecraft:iron_ore":231,"minecraft:cobbled_deepslate":44,"minecraft:moss_carpet":1,"minecraft:pumpkin":6,"minecraft:deepslate_lapis_ore":35,"iceandfire:gold_pile":2,"minecraft:dirt_path":10,"minecraft:cave_vines":4,"minecraft:flowering_azalea_leaves":1,"minecraft:small_amethyst_bud":1,"minecraft:azalea":4,"minecraft:deepslate_redstone_ore":205,"minecraft:sandstone_slab":17,"minecraft:cut_sandstone":1,"minecraft:brown_mushroom":1,"supplementaries:book_pile":1,"minecraft:melon_stem":8,"minecraft:crimson_nylium":18,"minecraft:amethyst_cluster":17,"minecraft:clay":6,"minecraft:torch":6,"minecraft:melon":25,"minecraft:calcite":1,"minecraft:poppy":2,"iceandfire:ghost_chest":3,"supplementaries:wild_flax":1,"minecraft:glass":1,"minecraft:nether_quartz_ore":107,"minecraft:cobblestone":87,"minecraft:oak_planks":167,"minecraft:sugar_cane":7,"minecraft:wall_torch":14,"minecraft:amethyst_block":90,"minecraft:skeleton_skull":2,"minecraft:seagrass":2,"minecraft:birch_log":6,"minecraft:wheat":19,"minecraft:warped_fungus":1,"minecraft:light_gray_wool":29,"minecraft:wither_rose":1,"minecraft:grass":338,"minecraft:oak_log":568,"minecraft:beetroots":22,"minecraft:sand":207,"minecraft:dirt":1021,"minecraft:red_mushroom_block":1,"minecraft:smooth_basalt":1,"minecraft:netherrack":131,"minecraft:oak_leaves":121,"minecraft:deepslate":906,"minecraft:nether_gold_ore":9,"minecraft:diamond_ore":21,"minecraft:tuff":115,"iceandfire:silver_ore":43,"minecraft:dark_oak_leaves":9,"minecraft:mossy_cobblestone":2,"minecraft:deepslate_diamond_ore":45,"minecraft:oak_door":2,"minecraft:dark_oak_log":1,"minecraft:glow_lichen":12,"minecraft:birch_fence_gate":2,"minecraft:spruce_fence":1,"minecraft:jungle_planks":12,"minecraft:weeping_vines":2,"minecraft:crimson_roots":24,"iceandfire:deepslate_silver_ore":2,"minecraft:brown_mushroom_block":3,"minecraft:spruce_leaves":26,"minecraft:moss_block":20,"minecraft:sandstone":15,"minecraft:mangrove_propagule":1,"minecraft:rooted_dirt":28,"minecraft:crimson_stem":1,"minecraft:large_fern":2,"minecraft:redstone_ore":61,"minecraft:furnace":4,"minecraft:chiseled_sandstone":6,"minecraft:andesite":51,"minecraft:gold_block":1,"minecraft:potatoes":33,"minecraft:deepslate_iron_ore":132,"minecraft:vine":143,"minecraft:stripped_oak_log":423,"minecraft:bamboo":3,"minecraft:stone":997,"minecraft:white_wool":1,"minecraft:oak_slab":186,"minecraft:scaffolding":1,"minecraft:glass_pane":38,"minecraft:dandelion":3,"minecraft:oak_fence":15,"minecraft:crafting_table":6,"minecraft:emerald_ore":1,"minecraft:copper_ore":20,"minecraft:tall_grass":39,"minecraft:deepslate_coal_ore":2,"minecraft:lapis_ore":16,"minecraft:deepslate_gold_ore":6,"minecraft:diorite":99,"supplementaries:urn":179,"minecraft:coarse_dirt":2,"minecraft:cactus":2,"minecraft:light_blue_bed":2,"minecraft:birch_leaves":16,"minecraft:mangrove_leaves":12,"minecraft:black_wool":229,"minecraft:coal_ore":531,"minecraft:cocoa":5,"minecraft:gravel":119,"minecraft:cobweb":6,"minecraft:cracked_stone_bricks":5,"minecraft:small_dripleaf":1,"minecraft:stone_bricks":6,"minecraft:mossy_stone_bricks":3,"minecraft:gold_ore":12,"minecraft:birch_fence":13,"minecraft:fern":27},"minecraft:crafted":{"minecraft:oak_planks":1148,"minecraft:oak_sign":3,"minecraft:cooked_chicken":1,"minecraft:stone":87,"minecraft:glass":53,"minecraft:chest":2,"minecraft:oak_button":4,"minecraft:oak_fence":108,"minecraft:oak_slab":669,"minecraft:crafting_table":3,"minecraft:diamond_pickaxe":1,"minecraft:shield":4,"minecraft:stick":508,"minecraft:iron_pickaxe":15,"minecraft:stone_sword":1,"iceandfire:gold_pile":5,"minecraft:shears":3,"minecraft:oak_door":6,"minecraft:fishing_rod":1,"minecraft:stone_stairs":4,"minecraft:iron_axe":7,"minecraft:iron_hoe":1,"minecraft:stone_pickaxe":3,"minecraft:minecart":3,"minecraft:cooked_beef":21,"minecraft:iron_sword":9,"minecraft:polished_granite":4,"minecraft:jungle_planks":136,"minecraft:oak_boat":1,"minecraft:iron_shovel":1,"minecraft:torch":994}},"DataVersion":3465}