{"stats":{"minecraft:broken":{"minecraft:iron_shovel":1,"minecraft:shears":3,"minecraft:stone_pickaxe":4,"minecraft:wooden_sword":1,"minecraft:iron_sword":7,"minecraft:crossbow":1,"magistuarmory:rustedchainmail_boots":1,"magistuarmory:rustedgreathelm":1,"minecraft:wooden_pickaxe":1,"minecraft:shield":5,"minecraft:iron_axe":4,"minecraft:iron_pickaxe":11,"minecraft:iron_helmet":1,"magistuarmory:rustedchainmail_leggings":1},"minecraft:used":{"minecraft:beetroot":7,"minecraft:iron_shovel":324,"minecraft:chest":2,"minecraft:oak_sign":5,"minecraft:shield":275,"minecraft:stone":295,"minecraft:iron_sword":2521,"minecraft:rotten_flesh":1,"minecraft:iron_chestplate":1,"minecraft:jungle_planks":34,"minecraft:carrot":2,"minecraft:tuff":4,"minecraft:glass":25,"minecraft:lava_bucket":2,"minecraft:iron_helmet":1,"supplementaries:bomb_blue":1,"minecraft:bow":49,"minecraft:beetroot_seeds":11,"minecraft:potato":36,"magistuarmory:rustedchainmail_leggings":1,"alexsmobs:raw_catfish":1,"minecraft:mossy_stone_bricks":1,"minecraft:diorite":8,"minecraft:stone_pickaxe":653,"minecraft:oak_planks":566,"minecraft:wooden_pickaxe":74,"minecraft:sandstone":9,"minecraft:cookie":1,"minecraft:golden_apple":1,"minecraft:white_wool":7,"minecraft:sand":192,"minecraft:shears":80,"magistuarmory:rustedchainmail_helmet":1,"minecraft:melon_slice":169,"minecraft:bread":107,"minecraft:gravel":14,"minecraft:wooden_sword":65,"minecraft:andesite":3,"minecraft:oak_boat":7,"minecraft:air":1,"minecraft:oak_fence":34,"minecraft:acacia_log":1,"minecraft:stone_sword":96,"minecraft:tropical_fish":2,"minecraft:netherrack":122,"minecraft:oak_door":2,"minecraft:torch":413,"minecraft:dirt":1401,"minecraft:granite":18,"minecraft:iron_axe":1031,"minecraft:jungle_log":5,"minecraft:iron_boots":1,"minecraft:melon_seeds":16,"minecraft:light_gray_wool":29,"tombstone:gift":4,"minecraft:light_gray_bed":18,"minecraft:cooked_beef":17,"minecraft:cobbled_deepslate":219,"minecraft:iron_leggings":1,"minecraft:wheat_seeds":32,"minecraft:cooked_mutton":16,"minecraft:water_bucket":46,"minecraft:baked_potato":126,"minecraft:cracked_stone_bricks":1,"minecraft:oak_slab":678,"minecraft:crafting_table":8,"minecraft:white_bed":19,"minecraft:cod":4,"minecraft:black_wool":2040,"minecraft:apple":15,"minecraft:iron_pickaxe":2888,"minecraft:enchanted_book":1,"minecraft:fishing_rod":50,"minecraft:crimson_fungus":1,"minecraft:cobblestone":282,"minecraft:potion":1,"minecraft:bucket":47,"minecraft:sandstone_slab":11,"minecraft:glass_pane":84,"alexsmobs:animal_dictionary":1,"minecraft:dandelion":1,"minecraft:stripped_oak_log":588},"minecraft:custom":{"minecraft:animals_bred":45,"minecraft:interact_with_crafting_table":169,"minecraft:open_barrel":1,"minecraft:leave_game":16,"minecraft:time_since_death":65452,"minecraft:sprint_one_cm":6041059,"minecraft:damage_blocked_by_shield":15608,"minecraft:drop":305,"minecraft:talked_to_villager":5,"minecraft:play_time":2201767,"minecraft:deaths":69,"minecraft:jump":17842,"minecraft:walk_on_water_one_cm":388982,"minecraft:interact_with_furnace":68,"minecraft:sleep_in_bed":67,"minecraft:damage_dealt":46582,"minecraft:crouch_one_cm":46482,"tombstone:undead_killed":149,"minecraft:interact_with_smithing_table":1,"minecraft:interact_with_anvil":1,"minecraft:mob_kills":247,"minecraft:climb_one_cm":49202,"minecraft:walk_one_cm":8589398,"minecraft:sneak_time":18775,"minecraft:walk_under_water_one_cm":193497,"minecraft:boat_one_cm":942012,"minecraft:total_world_time":2201767,"tombstone:raider_killed":1,"minecraft:time_since_rest":8011,"minecraft:damage_taken":32979,"minecraft:trigger_trapped_chest":2,"minecraft:swim_one_cm":472380,"minecraft:fly_one_cm":976280,"minecraft:open_chest":648,"minecraft:fish_caught":19,"minecraft:fall_one_cm":245214},"minecraft:dropped":{"minecraft:iron_sword":4,"minecraft:cooked_beef":8,"minecraft:oak_log":551,"minecraft:golden_pickaxe":1,"minecraft:diamond":10,"minecraft:crafting_table":1,"minecraft:sandstone_stairs":8,"minecraft:sandstone_slab":5,"minecraft:glow_berries":13,"minecraft:leather":15,"minecraft:jungle_planks":181,"minecraft:cracked_stone_bricks":1,"minecraft:rail":1,"minecraft:dirt":180,"tombstone:bag_of_seeds":2,"minecraft:cornflower":1,"minecraft:mutton":9,"alexsmobs:flying_fish":2,"magistuarmory:rusted_bastardsword":2,"minecraft:gold_nugget":14,"minecraft:wooden_sword":2,"minecraft:iron_pickaxe":6,"magistuarmory:corruptedroundshield":2,"minecraft:bone":106,"minecraft:oak_door":6,"minecraft:gravel":13,"minecraft:cooked_chicken":1,"minecraft:golden_chestplate":1,"minecraft:cobbled_deepslate":153,"minecraft:wheat":1,"minecraft:obsidian":7,"minecraft:beetroot":88,"minecraft:rotten_flesh":78,"wardrobe:ocelot_skin":1,"minecraft:oak_planks":131,"minecraft:azure_bluet":2,"minecraft:salmon":1,"minecraft:chainmail_chestplate":1,"supplementaries:flax_seeds":12,"supplementaries:ash":3,"iceandfire:ghost_chest":1,"minecraft:beetroot_seeds":45,"minecraft:melon_seeds":6,"minecraft:jungle_log":25,"minecraft:leather_boots":2,"minecraft:chainmail_boots":1,"minecraft:leather_leggings":1,"minecraft:arrow":17,"minecraft:glass":140,"minecraft:beef":2,"magistuarmory:rustedchainmail_boots":2,"minecraft:polished_granite":4,"minecraft:iron_ingot":69,"minecraft:bread":20,"minecraft:oak_slab":2,"minecraft:wheat_seeds":146,"minecraft:minecart":1,"minecraft:oak_fence":3,"minecraft:feather":1,"minecraft:cobblestone":716,"minecraft:apple":3,"minecraft:granite":33,"minecraft:acacia_log":4,"minecraft:coal":145,"minecraft:stick":4,"magistuarmory:rustedcrusader_boots":2,"minecraft:gray_wool":3,"minecraft:diorite":68,"minecraft:ink_sac":3,"minecraft:torch":262,"tombstone:grave_key":12,"minecraft:melon_slice":102,"minecraft:jungle_door":1,"tombstone:grave_dust":2,"minecraft:iron_leggings":3,"minecraft:iron_axe":5,"magistuarmory:rustedbarbute":5,"minecraft:chainmail_leggings":2,"minecraft:iron_shovel":1,"minecraft:string":7,"minecraft:lily_pad":2,"minecraft:dandelion":9,"minecraft:furnace":4,"alexsmobs:maggot":1,"minecraft:stone_sword":5,"minecraft:raw_copper":33,"minecraft:cocoa_beans":12,"minecraft:tuff":53,"minecraft:raw_iron":33,"magistuarmory:rustedhalfarmor_chestplate":1,"minecraft:light_gray_wool":22,"minecraft:iron_boots":1,"minecraft:stripped_oak_log":4,"minecraft:oak_sign":3,"minecraft:glass_pane":13,"minecraft:stone":27,"minecraft:shield":3,"minecraft:oak_button":1,"minecraft:iron_chestplate":2,"minecraft:andesite":127,"minecraft:oak_boat":1,"minecraft:oak_sapling":17,"minecraft:spider_eye":2,"minecraft:bow":2,"minecraft:stone_pickaxe":2,"minecraft:wooden_pickaxe":2,"minecraft:calcite":2,"minecraft:black_wool":575},"minecraft:killed":{"minecraft:spider":19,"minecraft:skeleton":40,"minecraft:chicken":1,"minecraft:piglin":2,"minecraft:zombie_villager":1,"minecraft:salmon":5,"alexsmobs:seal":3,"minecraft:creeper":7,"alexsmobs:crimson_mosquito":7,"minecraft:sheep":6,"minecraft:pillager":1,"minecraft:donkey":3,"minecraft:zombie":98,"alexsmobs:terrapin":1,"minecraft:cow":5,"alexsmobs:raccoon":2,"alexsmobs:bison":1,"minecraft:drowned":6,"alexsmobs:flying_fish":1,"minecraft:ocelot":1,"minecraft:bat":2,"minecraft:hoglin":3,"minecraft:squid":6,"alexsmobs:catfish":2,"iceandfire:ghost":4},"minecraft:picked_up":{"minecraft:iron_chestplate":3,"minecraft:wheat":40,"minecraft:chainmail_boots":1,"supplementaries:bomb_blue":1,"minecraft:potion":1,"minecraft:enchanted_book":3,"tombstone:grave_key":8,"minecraft:amethyst_block":86,"iceandfire:manuscript":4,"minecraft:string":34,"minecraft:raw_copper":77,"minecraft:iron_leggings":4,"minecraft:pufferfish":1,"minecraft:zombie_head":1,"minecraft:oak_sign":3,"alexsmobs:blood_sac":4,"minecraft:beetroot":48,"minecraft:cobbled_deepslate":596,"minecraft:tnt_minecart":1,"minecraft:gold_nugget":137,"minecraft:spruce_planks":6,"minecraft:calcite":2,"minecraft:iron_pickaxe":8,"alexsmobs:raccoon_tail":1,"minecraft:melon_slice":271,"minecraft:iron_boots":3,"minecraft:furnace":4,"tombstone:scroll_of_lightning_resistance":1,"iceandfire:ghost_chest":1,"minecraft:stick":35,"minecraft:jungle_door":2,"minecraft:oak_fence":15,"minecraft:torch":177,"minecraft:acacia_log":5,"minecraft:porkchop":13,"magistuarmory:rusted_heavymace":1,"tombstone:grave_dust":21,"minecraft:diorite":105,"minecraft:golden_chestplate":1,"minecraft:stone_sword":5,"minecraft:light_gray_bed":19,"minecraft:rotten_flesh":130,"minecraft:tropical_fish":1,"supplementaries:antique_ink":5,"alexsmobs:emu_egg":3,"supplementaries:ash":120,"minecraft:cod":33,"alexsmobs:flying_fish":2,"minecraft:cobblestone":1314,"minecraft:birch_log":12,"minecraft:feather":1,"minecraft:cooked_beef":18,"magistuarmory:rustedchainmail_boots":2,"minecraft:water_bucket":1,"minecraft:andesite":141,"minecraft:jungle_log":83,"minecraft:potato":33,"alexsmobs:bison_fur":1,"minecraft:flint":6,"minecraft:tuff":64,"supplementaries:flax_seeds":21,"minecraft:lapis_lazuli":155,"minecraft:dirt":1649,"minecraft:leather_boots":4,"minecraft:glass":64,"minecraft:bone":165,"minecraft:bow":4,"minecraft:wheat_seeds":141,"minecraft:glowstone_dust":45,"minecraft:mossy_stone_bricks":1,"minecraft:bamboo":9,"minecraft:oak_planks":180,"wardrobe:ocelot_skin":2,"minecraft:birch_fence_gate":2,"minecraft:sand":206,"minecraft:jungle_planks":75,"minecraft:ink_sac":9,"magistuarmory:rustedgreathelm":1,"minecraft:bundle":2,"minecraft:diamond":30,"magistuarmory:corruptedroundshield":3,"minecraft:crossbow":1,"minecraft:granite":55,"minecraft:bone_meal":1,"alexsmobs:tarantula_hawk_wing_fragment":1,"minecraft:emerald":43,"minecraft:bread":25,"alexsmobs:maggot":1,"minecraft:plenty_pottery_sherd":1,"minecraft:oak_sapling":20,"minecraft:netherrack":155,"minecraft:crimson_roots":18,"iceandfire:raw_silver":44,"minecraft:cocoa_beans":27,"minecraft:crafting_table":7,"minecraft:sandstone_slab":16,"minecraft:azure_bluet":2,"minecraft:chicken":1,"minecraft:golden_pickaxe":1,"minecraft:leather_leggings":1,"minecraft:brown_mushroom":1,"minecraft:wooden_pickaxe":3,"minecraft:shield":7,"minecraft:cornflower":1,"minecraft:iron_axe":1,"minecraft:wooden_sword":3,"minecraft:item_frame":2,"minecraft:iron_shovel":1,"minecraft:birch_fence":14,"minecraft:glass_pane":90,"iceandfire:graveyard_soil":2,"minecraft:cracked_stone_bricks":3,"minecraft:beef":25,"minecraft:oak_boat":7,"minecraft:jungle_sapling":5,"minecraft:iron_nugget":32,"minecraft:poppy":1,"minecraft:light_gray_wool":69,"minecraft:minecart":2,"minecraft:sugar_cane":137,"supplementaries:rope":4,"minecraft:egg":5,"minecraft:raw_iron":144,"minecraft:sandstone":9,"minecraft:stone":32,"minecraft:oak_door":2,"magistuarmory:rustedbarbute":5,"minecraft:cookie":1,"minecraft:carrot":1,"minecraft:redstone":479,"iceandfire:silver_ingot":4,"minecraft:arrow":95,"minecraft:beetroot_seeds":101,"minecraft:sandstone_stairs":8,"minecraft:gold_ingot":2,"tombstone:essence_of_undeath":1,"minecraft:mutton":19,"minecraft:rail":7,"minecraft:skeleton_skull":3,"minecraft:white_wool":28,"minecraft:stripped_oak_log":663,"magistuarmory:rustedhalfarmor_chestplate":1,"minecraft:crimson_stem":1,"minecraft:glow_ink_sac":3,"minecraft:tripwire_hook":2,"minecraft:salmon":23,"minecraft:leather":22,"minecraft:crimson_fungus":15,"minecraft:oak_log":860,"minecraft:chainmail_chestplate":1,"minecraft:lily_pad":2,"iceandfire:ectoplasm":5,"minecraft:gunpowder":3,"minecraft:cooked_mutton":16,"minecraft:apple":13,"minecraft:iron_ingot":27,"minecraft:stone_pickaxe":3,"tombstone:bag_of_seeds":5,"minecraft:iron_sword":7,"minecraft:oak_slab":189,"minecraft:warped_fungus":1,"minecraft:pumpkin":6,"minecraft:quartz":107,"minecraft:dandelion":11,"minecraft:gravel":62,"minecraft:amethyst_shard":75,"minecraft:white_bed":19,"magistuarmory:rustedchainmail_leggings":2,"minecraft:spider_eye":5,"alexsmobs:raw_catfish":1,"magistuarmory:rustedchainmail_helmet":2,"magistuarmory:rusted_bastardsword":2,"minecraft:chainmail_leggings":2,"magistuarmory:rustedcrusader_boots":2,"minecraft:iron_helmet":2,"minecraft:gray_wool":4,"minecraft:oak_button":1,"minecraft:baked_potato":153,"tombstone:magic_scroll":1,"minecraft:melon_seeds":26,"minecraft:black_wool":1903,"minecraft:coal":382},"minecraft:killed_by":{"minecraft:creeper":7,"alexsmobs:leafcutter_ant":1,"alexsmobs:murmur_head":1,"minecraft:piglin":1,"minecraft:zombie":11,"minecraft:player":1,"minecraft:enderman":4,"alexsmobs:bison":1,"minecraft:hoglin":4,"alexsmobs:centipede_head":2,"minecraft:skeleton":17,"alexsmobs:tarantula_hawk":1,"alexsmobs:crimson_mosquito":1,"iceandfire:ghost":2},"minecraft:mined":{"minecraft:spruce_planks":6,"minecraft:attached_melon_stem":1,"minecraft:white_bed":20,"alexsmobs:leafcutter_anthill":1,"minecraft:jungle_leaves":5,"minecraft:granite":73,"minecraft:budding_amethyst":19,"minecraft:acacia_log":5,"minecraft:grass_block":816,"minecraft:jungle_log":83,"minecraft:light_gray_bed":18,"minecraft:crimson_fungus":16,"minecraft:sandstone_stairs":9,"minecraft:weeping_vines_plant":2,"minecraft:tall_seagrass":1,"minecraft:raw_iron_block":1,"minecraft:magma_block":1,"minecraft:glowstone":21,"minecraft:iron_ore":96,"minecraft:cobbled_deepslate":29,"minecraft:pumpkin":6,"minecraft:deepslate_lapis_ore":14,"minecraft:flowering_azalea_leaves":1,"minecraft:small_amethyst_bud":1,"minecraft:deepslate_redstone_ore":133,"minecraft:sandstone_slab":16,"minecraft:cut_sandstone":1,"minecraft:brown_mushroom":1,"supplementaries:book_pile":1,"minecraft:melon_stem":8,"minecraft:crimson_nylium":18,"minecraft:amethyst_cluster":17,"minecraft:torch":5,"minecraft:melon":25,"minecraft:calcite":1,"minecraft:poppy":2,"iceandfire:ghost_chest":1,"supplementaries:wild_flax":1,"minecraft:glass":1,"minecraft:nether_quartz_ore":107,"minecraft:cobblestone":42,"minecraft:oak_planks":167,"minecraft:sugar_cane":7,"minecraft:wall_torch":9,"minecraft:amethyst_block":90,"minecraft:skeleton_skull":2,"minecraft:seagrass":2,"minecraft:birch_log":6,"minecraft:wheat":19,"minecraft:light_gray_wool":29,"minecraft:warped_fungus":1,"minecraft:wither_rose":1,"minecraft:grass":305,"minecraft:oak_log":568,"minecraft:beetroots":22,"minecraft:sand":197,"minecraft:dirt":778,"minecraft:smooth_basalt":1,"minecraft:netherrack":131,"minecraft:oak_leaves":101,"minecraft:deepslate":683,"minecraft:nether_gold_ore":9,"minecraft:tuff":104,"iceandfire:silver_ore":41,"minecraft:deepslate_diamond_ore":31,"minecraft:oak_door":2,"minecraft:glow_lichen":9,"minecraft:birch_fence_gate":2,"minecraft:jungle_planks":12,"minecraft:crimson_roots":24,"minecraft:weeping_vines":2,"iceandfire:deepslate_silver_ore":2,"minecraft:spruce_leaves":20,"minecraft:sandstone":15,"minecraft:crimson_stem":1,"minecraft:large_fern":2,"minecraft:redstone_ore":23,"minecraft:furnace":4,"minecraft:chiseled_sandstone":6,"minecraft:andesite":42,"minecraft:potatoes":33,"minecraft:deepslate_iron_ore":40,"minecraft:vine":125,"minecraft:stripped_oak_log":423,"minecraft:bamboo":3,"minecraft:stone":770,"minecraft:white_wool":1,"minecraft:oak_slab":173,"minecraft:glass_pane":38,"minecraft:dandelion":2,"minecraft:oak_fence":15,"minecraft:crafting_table":6,"minecraft:emerald_ore":1,"minecraft:copper_ore":20,"minecraft:tall_grass":13,"minecraft:lapis_ore":13,"minecraft:deepslate_gold_ore":5,"minecraft:diorite":93,"supplementaries:urn":99,"minecraft:cactus":2,"minecraft:black_wool":210,"minecraft:coal_ore":339,"minecraft:cocoa":5,"minecraft:gravel":69,"minecraft:cobweb":6,"minecraft:cracked_stone_bricks":5,"minecraft:stone_bricks":6,"minecraft:mossy_stone_bricks":3,"minecraft:birch_fence":13,"minecraft:fern":27},"minecraft:crafted":{"minecraft:oak_planks":984,"minecraft:oak_sign":3,"minecraft:cooked_chicken":1,"minecraft:stone":87,"minecraft:glass":53,"minecraft:chest":2,"minecraft:oak_fence":108,"minecraft:oak_slab":669,"minecraft:crafting_table":3,"minecraft:diamond_pickaxe":1,"minecraft:shield":1,"minecraft:stick":244,"minecraft:iron_pickaxe":10,"minecraft:stone_sword":1,"iceandfire:gold_pile":5,"minecraft:shears":3,"minecraft:oak_door":6,"minecraft:fishing_rod":1,"minecraft:iron_axe":7,"minecraft:iron_hoe":1,"minecraft:stone_pickaxe":3,"minecraft:minecart":3,"minecraft:cooked_beef":21,"minecraft:iron_sword":7,"minecraft:polished_granite":4,"minecraft:jungle_planks":136,"minecraft:oak_boat":1,"minecraft:iron_shovel":1,"minecraft:torch":498}},"DataVersion":3465}