{"stats":{"minecraft:broken":{"minecraft:iron_shovel":1,"magistuarmory:rustedchainmail_boots":1,"minecraft:wooden_pickaxe":1,"minecraft:stone_pickaxe":4,"minecraft:iron_axe":1,"minecraft:wooden_sword":1,"minecraft:iron_sword":3,"minecraft:iron_pickaxe":2,"minecraft:iron_helmet":1,"magistuarmory:rustedchainmail_leggings":1},"minecraft:used":{"minecraft:oak_fence":34,"minecraft:stone_sword":96,"minecraft:iron_shovel":303,"minecraft:tropical_fish":2,"minecraft:chest":2,"minecraft:shield":60,"minecraft:iron_sword":950,"minecraft:iron_chestplate":1,"minecraft:torch":216,"minecraft:dirt":825,"minecraft:jungle_planks":34,"minecraft:tuff":4,"minecraft:lava_bucket":2,"minecraft:iron_axe":252,"minecraft:jungle_log":5,"minecraft:iron_helmet":1,"minecraft:iron_boots":1,"alexsmobs:raw_catfish":1,"minecraft:light_gray_bed":3,"minecraft:cooked_mutton":16,"tombstone:gift":4,"magistuarmory:rustedchainmail_leggings":1,"minecraft:cooked_beef":12,"minecraft:cobbled_deepslate":18,"minecraft:iron_leggings":1,"minecraft:water_bucket":7,"minecraft:wheat_seeds":10,"minecraft:mossy_stone_bricks":1,"minecraft:diorite":8,"minecraft:baked_potato":24,"minecraft:oak_planks":9,"minecraft:stone_pickaxe":653,"minecraft:wooden_pickaxe":74,"minecraft:golden_apple":1,"minecraft:cracked_stone_bricks":1,"minecraft:crafting_table":2,"minecraft:white_bed":8,"minecraft:cod":4,"minecraft:apple":6,"minecraft:iron_pickaxe":601,"magistuarmory:rustedchainmail_helmet":1,"minecraft:melon_slice":132,"minecraft:bread":17,"minecraft:gravel":4,"minecraft:enchanted_book":1,"minecraft:fishing_rod":50,"minecraft:wooden_sword":65,"minecraft:potion":1,"minecraft:cobblestone":113,"minecraft:bucket":9,"minecraft:dandelion":1,"alexsmobs:animal_dictionary":1},"minecraft:custom":{"minecraft:mob_kills":110,"minecraft:animals_bred":6,"minecraft:interact_with_crafting_table":113,"minecraft:leave_game":5,"minecraft:time_since_death":161344,"minecraft:climb_one_cm":24282,"minecraft:sprint_one_cm":2743681,"minecraft:walk_one_cm":3656679,"minecraft:damage_blocked_by_shield":3340,"minecraft:drop":140,"minecraft:play_time":947580,"minecraft:sneak_time":13500,"minecraft:deaths":35,"minecraft:walk_under_water_one_cm":110280,"minecraft:boat_one_cm":114887,"minecraft:jump":8467,"minecraft:walk_on_water_one_cm":156895,"minecraft:total_world_time":947580,"minecraft:interact_with_furnace":16,"minecraft:sleep_in_bed":23,"minecraft:time_since_rest":3162,"minecraft:damage_taken":14440,"minecraft:damage_dealt":20834,"minecraft:swim_one_cm":239636,"minecraft:fly_one_cm":421024,"minecraft:open_chest":165,"minecraft:crouch_one_cm":31262,"tombstone:undead_killed":58,"minecraft:fall_one_cm":98259,"minecraft:fish_caught":19},"minecraft:dropped":{"minecraft:iron_ingot":58,"minecraft:iron_sword":1,"minecraft:oak_slab":2,"minecraft:wheat_seeds":7,"minecraft:cooked_beef":2,"minecraft:oak_log":15,"minecraft:golden_pickaxe":1,"minecraft:minecart":1,"minecraft:cobblestone":566,"minecraft:oak_fence":3,"minecraft:glow_berries":13,"minecraft:feather":1,"minecraft:leather":4,"minecraft:apple":2,"minecraft:jungle_planks":177,"minecraft:granite":19,"minecraft:cracked_stone_bricks":1,"minecraft:coal":81,"minecraft:stick":1,"magistuarmory:rustedcrusader_boots":2,"minecraft:dirt":115,"minecraft:diorite":66,"minecraft:ink_sac":3,"minecraft:torch":28,"tombstone:grave_key":8,"alexsmobs:flying_fish":2,"minecraft:melon_slice":72,"minecraft:jungle_door":1,"minecraft:iron_leggings":1,"minecraft:wooden_sword":2,"minecraft:iron_shovel":1,"minecraft:lily_pad":2,"minecraft:bone":21,"minecraft:gravel":13,"minecraft:cooked_chicken":1,"minecraft:stone_sword":5,"minecraft:cobbled_deepslate":19,"minecraft:raw_copper":33,"minecraft:cocoa_beans":12,"minecraft:wheat":1,"minecraft:raw_iron":33,"wardrobe:ocelot_skin":1,"minecraft:rotten_flesh":29,"minecraft:light_gray_wool":1,"minecraft:oak_planks":3,"minecraft:stripped_oak_log":4,"minecraft:salmon":1,"supplementaries:flax_seeds":1,"supplementaries:ash":3,"minecraft:shield":1,"minecraft:iron_chestplate":1,"minecraft:andesite":127,"minecraft:jungle_log":25,"minecraft:melon_seeds":4,"minecraft:leather_boots":2,"minecraft:oak_sapling":11,"minecraft:stone_pickaxe":2,"minecraft:beef":2,"minecraft:wooden_pickaxe":2,"minecraft:polished_granite":4,"minecraft:black_wool":4},"minecraft:killed":{"alexsmobs:raccoon":2,"minecraft:spider":6,"minecraft:skeleton":16,"minecraft:chicken":1,"alexsmobs:bison":1,"minecraft:drowned":6,"alexsmobs:flying_fish":1,"minecraft:ocelot":1,"minecraft:salmon":4,"alexsmobs:seal":3,"minecraft:bat":1,"minecraft:creeper":4,"minecraft:squid":6,"alexsmobs:catfish":2,"minecraft:zombie":36,"minecraft:donkey":3,"alexsmobs:terrapin":1,"minecraft:cow":5},"minecraft:picked_up":{"minecraft:cocoa_beans":27,"minecraft:iron_chestplate":2,"minecraft:wheat":19,"minecraft:chicken":1,"minecraft:golden_pickaxe":1,"minecraft:wooden_pickaxe":3,"minecraft:enchanted_book":3,"minecraft:potion":1,"tombstone:grave_key":5,"minecraft:shield":2,"minecraft:cornflower":1,"minecraft:string":23,"minecraft:raw_copper":33,"minecraft:wooden_sword":3,"minecraft:iron_leggings":2,"minecraft:iron_shovel":1,"minecraft:pufferfish":1,"minecraft:cracked_stone_bricks":2,"minecraft:gold_nugget":89,"minecraft:tnt_minecart":1,"minecraft:cobbled_deepslate":151,"minecraft:beef":25,"minecraft:iron_pickaxe":3,"minecraft:jungle_sapling":1,"minecraft:iron_nugget":32,"minecraft:poppy":1,"minecraft:light_gray_wool":1,"alexsmobs:raccoon_tail":1,"minecraft:minecart":2,"minecraft:melon_slice":211,"minecraft:sugar_cane":3,"supplementaries:rope":4,"minecraft:iron_boots":2,"minecraft:egg":1,"tombstone:scroll_of_lightning_resistance":1,"minecraft:raw_iron":48,"minecraft:stick":22,"minecraft:jungle_door":2,"minecraft:oak_fence":15,"minecraft:torch":39,"magistuarmory:rusted_heavymace":1,"tombstone:grave_dust":5,"minecraft:diorite":74,"minecraft:redstone":27,"minecraft:light_gray_bed":3,"minecraft:stone_sword":5,"minecraft:arrow":21,"minecraft:rotten_flesh":74,"minecraft:tropical_fish":1,"supplementaries:antique_ink":5,"alexsmobs:emu_egg":3,"supplementaries:ash":54,"minecraft:mutton":10,"alexsmobs:flying_fish":2,"minecraft:rail":6,"minecraft:cod":33,"minecraft:skeleton_skull":1,"minecraft:white_wool":21,"minecraft:cobblestone":694,"minecraft:stripped_oak_log":4,"minecraft:birch_log":12,"minecraft:feather":1,"minecraft:cooked_beef":18,"minecraft:jungle_log":57,"minecraft:tripwire_hook":2,"minecraft:andesite":128,"minecraft:salmon":22,"minecraft:leather":18,"alexsmobs:bison_fur":1,"minecraft:flint":2,"minecraft:tuff":11,"minecraft:oak_log":351,"minecraft:lily_pad":2,"supplementaries:flax_seeds":9,"minecraft:gunpowder":1,"minecraft:lapis_lazuli":30,"minecraft:dirt":1043,"minecraft:cooked_mutton":16,"minecraft:leather_boots":3,"minecraft:bone":76,"minecraft:apple":8,"minecraft:bow":1,"minecraft:wheat_seeds":113,"minecraft:iron_ingot":3,"minecraft:stone_pickaxe":3,"tombstone:bag_of_seeds":2,"minecraft:mossy_stone_bricks":1,"minecraft:bamboo":9,"minecraft:oak_planks":25,"minecraft:iron_sword":3,"minecraft:oak_slab":2,"minecraft:dandelion":11,"minecraft:gravel":35,"wardrobe:ocelot_skin":2,"minecraft:sand":10,"minecraft:jungle_planks":71,"minecraft:ink_sac":9,"minecraft:white_bed":8,"magistuarmory:rustedchainmail_leggings":2,"minecraft:spider_eye":2,"alexsmobs:raw_catfish":1,"magistuarmory:rustedchainmail_helmet":2,"minecraft:diamond":15,"minecraft:bone_meal":1,"magistuarmory:rustedcrusader_boots":2,"minecraft:iron_helmet":2,"magistuarmory:corruptedroundshield":1,"minecraft:granite":23,"alexsmobs:tarantula_hawk_wing_fragment":1,"minecraft:gray_wool":1,"minecraft:emerald":26,"minecraft:bread":25,"minecraft:plenty_pottery_sherd":1,"minecraft:baked_potato":24,"tombstone:magic_scroll":1,"minecraft:oak_sapling":11,"minecraft:melon_seeds":8,"minecraft:black_wool":5,"minecraft:coal":130,"iceandfire:raw_silver":24},"minecraft:killed_by":{"minecraft:player":1,"minecraft:creeper":5,"alexsmobs:leafcutter_ant":1,"minecraft:enderman":3,"alexsmobs:bison":1,"alexsmobs:centipede_head":1,"minecraft:skeleton":11,"minecraft:zombie":4,"alexsmobs:tarantula_hawk":1,"iceandfire:ghost":1},"minecraft:mined":{"minecraft:tuff":16,"minecraft:white_bed":5,"iceandfire:silver_ore":21,"minecraft:deepslate_diamond_ore":16,"alexsmobs:leafcutter_anthill":1,"minecraft:jungle_leaves":5,"minecraft:glow_lichen":5,"minecraft:granite":27,"minecraft:grass_block":459,"minecraft:light_gray_bed":3,"minecraft:jungle_planks":8,"minecraft:jungle_log":56,"iceandfire:deepslate_silver_ore":2,"minecraft:sandstone":4,"minecraft:large_fern":1,"minecraft:tall_seagrass":1,"minecraft:raw_iron_block":1,"minecraft:iron_ore":20,"minecraft:chiseled_sandstone":1,"minecraft:andesite":42,"minecraft:deepslate_lapis_ore":3,"minecraft:flowering_azalea_leaves":1,"minecraft:vine":43,"minecraft:deepslate_iron_ore":17,"minecraft:bamboo":3,"minecraft:stone":360,"minecraft:deepslate_redstone_ore":15,"minecraft:oak_slab":3,"minecraft:cut_sandstone":1,"supplementaries:book_pile":1,"minecraft:dandelion":2,"minecraft:oak_fence":15,"minecraft:emerald_ore":1,"minecraft:poppy":2,"minecraft:melon":12,"minecraft:copper_ore":8,"minecraft:tall_grass":11,"minecraft:cobblestone":17,"minecraft:oak_planks":24,"minecraft:deepslate_gold_ore":4,"minecraft:sugar_cane":2,"minecraft:diorite":65,"supplementaries:urn":49,"minecraft:seagrass":2,"minecraft:cactus":2,"minecraft:wheat":7,"minecraft:birch_log":6,"minecraft:wither_rose":1,"minecraft:grass":289,"minecraft:coal_ore":96,"minecraft:oak_log":353,"minecraft:cocoa":5,"minecraft:sand":5,"minecraft:gravel":31,"minecraft:dirt":543,"minecraft:cobweb":6,"minecraft:cracked_stone_bricks":2,"minecraft:deepslate":174,"minecraft:mossy_stone_bricks":2,"minecraft:oak_leaves":53,"minecraft:birch_fence":1,"minecraft:fern":24},"minecraft:crafted":{"minecraft:fishing_rod":1,"minecraft:cooked_chicken":1,"minecraft:iron_axe":1,"minecraft:stone_pickaxe":3,"minecraft:chest":2,"minecraft:oak_fence":108,"minecraft:minecart":3,"minecraft:cooked_beef":9,"minecraft:crafting_table":2,"minecraft:iron_sword":1,"minecraft:polished_granite":4,"minecraft:jungle_planks":136,"minecraft:diamond_pickaxe":1,"minecraft:stick":136,"minecraft:iron_pickaxe":2,"minecraft:stone_sword":1,"minecraft:iron_shovel":1,"iceandfire:gold_pile":5,"minecraft:torch":194}},"DataVersion":3465}