{"stats":{"minecraft:broken":{"minecraft:wooden_pickaxe":1,"minecraft:stone_pickaxe":4},"minecraft:used":{"minecraft:stone_sword":96,"minecraft:chest":2,"minecraft:shield":3,"minecraft:iron_sword":311,"minecraft:iron_chestplate":1,"minecraft:torch":77,"minecraft:dirt":24,"minecraft:jungle_planks":34,"minecraft:lava_bucket":2,"minecraft:jungle_log":5,"minecraft:iron_helmet":1,"minecraft:iron_boots":1,"tombstone:gift":4,"minecraft:cooked_beef":5,"minecraft:cobbled_deepslate":4,"minecraft:iron_leggings":1,"minecraft:wheat_seeds":10,"minecraft:water_bucket":7,"minecraft:mossy_stone_bricks":1,"minecraft:diorite":8,"minecraft:stone_pickaxe":653,"minecraft:oak_planks":9,"minecraft:wooden_pickaxe":74,"minecraft:cracked_stone_bricks":1,"minecraft:crafting_table":1,"minecraft:apple":4,"magistuarmory:rustedchainmail_helmet":1,"minecraft:melon_slice":107,"minecraft:bread":3,"minecraft:iron_pickaxe":20,"minecraft:gravel":4,"minecraft:fishing_rod":50,"minecraft:enchanted_book":1,"minecraft:wooden_sword":9,"minecraft:cobblestone":53,"minecraft:potion":1,"minecraft:bucket":9,"alexsmobs:animal_dictionary":1,"minecraft:dandelion":1},"minecraft:custom":{"minecraft:mob_kills":40,"minecraft:animals_bred":4,"minecraft:interact_with_crafting_table":84,"minecraft:leave_game":1,"minecraft:time_since_death":164217,"minecraft:climb_one_cm":12356,"minecraft:sprint_one_cm":1410273,"minecraft:walk_one_cm":1891585,"minecraft:damage_blocked_by_shield":180,"minecraft:drop":101,"minecraft:sneak_time":11557,"minecraft:play_time":516977,"minecraft:deaths":22,"minecraft:walk_under_water_one_cm":9629,"minecraft:boat_one_cm":104364,"minecraft:jump":4049,"minecraft:walk_on_water_one_cm":33000,"minecraft:total_world_time":516977,"minecraft:interact_with_furnace":14,"minecraft:sleep_in_bed":7,"minecraft:time_since_rest":22870,"minecraft:damage_taken":7614,"minecraft:damage_dealt":7448,"minecraft:swim_one_cm":424,"minecraft:fly_one_cm":197392,"minecraft:open_chest":74,"minecraft:crouch_one_cm":29139,"tombstone:undead_killed":13,"minecraft:fish_caught":19,"minecraft:fall_one_cm":49836},"minecraft:dropped":{"minecraft:iron_sword":1,"minecraft:oak_slab":2,"minecraft:wheat_seeds":5,"minecraft:cooked_beef":2,"minecraft:oak_log":15,"minecraft:golden_pickaxe":1,"minecraft:minecart":1,"minecraft:oak_fence":1,"minecraft:feather":1,"minecraft:cobblestone":430,"minecraft:glow_berries":13,"minecraft:apple":2,"minecraft:leather":4,"minecraft:granite":12,"minecraft:jungle_planks":177,"minecraft:cracked_stone_bricks":1,"minecraft:stick":1,"minecraft:dirt":107,"minecraft:diorite":58,"tombstone:grave_key":3,"alexsmobs:flying_fish":2,"minecraft:melon_slice":72,"minecraft:jungle_door":1,"minecraft:wooden_sword":2,"minecraft:lily_pad":2,"minecraft:bone":2,"minecraft:cooked_chicken":1,"minecraft:stone_sword":5,"minecraft:cocoa_beans":12,"minecraft:raw_copper":33,"minecraft:wheat":1,"wardrobe:ocelot_skin":1,"minecraft:rotten_flesh":24,"minecraft:oak_planks":3,"minecraft:stripped_oak_log":4,"minecraft:salmon":1,"supplementaries:flax_seeds":1,"minecraft:andesite":126,"minecraft:melon_seeds":4,"minecraft:jungle_log":24,"minecraft:leather_boots":1,"minecraft:wooden_pickaxe":2,"minecraft:stone_pickaxe":2,"minecraft:beef":2,"minecraft:polished_granite":4},"minecraft:killed":{"alexsmobs:raccoon":2,"minecraft:spider":2,"minecraft:skeleton":3,"minecraft:chicken":1,"alexsmobs:bison":1,"alexsmobs:flying_fish":1,"minecraft:ocelot":1,"alexsmobs:seal":3,"minecraft:bat":1,"minecraft:creeper":1,"minecraft:zombie":10,"minecraft:donkey":3,"alexsmobs:terrapin":1,"minecraft:cow":4},"minecraft:picked_up":{"minecraft:cocoa_beans":27,"minecraft:iron_chestplate":1,"minecraft:wheat":19,"minecraft:chicken":1,"minecraft:golden_pickaxe":1,"minecraft:wooden_pickaxe":3,"minecraft:potion":1,"minecraft:enchanted_book":3,"tombstone:grave_key":3,"minecraft:shield":1,"minecraft:string":5,"minecraft:raw_copper":33,"minecraft:wooden_sword":3,"minecraft:iron_leggings":1,"minecraft:pufferfish":1,"minecraft:cracked_stone_bricks":2,"minecraft:gold_nugget":40,"minecraft:cobbled_deepslate":41,"minecraft:beef":13,"minecraft:iron_pickaxe":2,"minecraft:jungle_sapling":1,"minecraft:iron_nugget":10,"minecraft:poppy":1,"alexsmobs:raccoon_tail":1,"minecraft:minecart":2,"minecraft:melon_slice":211,"minecraft:sugar_cane":3,"supplementaries:rope":4,"minecraft:iron_boots":1,"tombstone:scroll_of_lightning_resistance":1,"minecraft:stick":15,"minecraft:raw_iron":15,"minecraft:jungle_door":2,"minecraft:oak_fence":1,"minecraft:torch":2,"magistuarmory:rusted_heavymace":1,"tombstone:grave_dust":1,"minecraft:diorite":66,"minecraft:stone_sword":5,"minecraft:arrow":2,"minecraft:rotten_flesh":23,"minecraft:tropical_fish":1,"supplementaries:ash":28,"minecraft:cod":33,"alexsmobs:flying_fish":2,"minecraft:white_wool":17,"minecraft:rail":6,"minecraft:cobblestone":484,"minecraft:stripped_oak_log":4,"minecraft:birch_log":12,"minecraft:feather":1,"minecraft:cooked_beef":7,"minecraft:tripwire_hook":2,"minecraft:salmon":18,"minecraft:andesite":127,"minecraft:jungle_log":56,"minecraft:leather":7,"alexsmobs:bison_fur":1,"minecraft:flint":2,"minecraft:oak_log":103,"minecraft:lily_pad":2,"supplementaries:flax_seeds":2,"minecraft:dirt":166,"minecraft:cooked_mutton":16,"minecraft:leather_boots":1,"minecraft:bone":21,"minecraft:apple":6,"minecraft:bow":1,"minecraft:wheat_seeds":24,"minecraft:stone_pickaxe":3,"minecraft:mossy_stone_bricks":1,"minecraft:bamboo":9,"minecraft:iron_sword":2,"minecraft:oak_planks":25,"minecraft:oak_slab":2,"minecraft:dandelion":1,"minecraft:gravel":16,"wardrobe:ocelot_skin":2,"minecraft:jungle_planks":71,"magistuarmory:rustedchainmail_leggings":1,"magistuarmory:rustedchainmail_helmet":2,"minecraft:iron_helmet":1,"minecraft:granite":16,"minecraft:emerald":10,"minecraft:bread":13,"minecraft:plenty_pottery_sherd":1,"minecraft:black_wool":1,"minecraft:melon_seeds":8,"minecraft:coal":29,"iceandfire:raw_silver":8},"minecraft:killed_by":{"minecraft:player":1,"minecraft:creeper":3,"alexsmobs:leafcutter_ant":1,"minecraft:enderman":2,"alexsmobs:bison":1,"minecraft:skeleton":9,"minecraft:zombie":1,"iceandfire:ghost":1},"minecraft:mined":{"iceandfire:silver_ore":6,"alexsmobs:leafcutter_anthill":1,"minecraft:jungle_leaves":5,"minecraft:glow_lichen":3,"minecraft:granite":20,"minecraft:grass_block":81,"minecraft:jungle_planks":8,"minecraft:jungle_log":56,"minecraft:iron_ore":13,"minecraft:andesite":32,"minecraft:flowering_azalea_leaves":1,"minecraft:vine":38,"minecraft:bamboo":3,"minecraft:stone":259,"minecraft:oak_slab":3,"supplementaries:book_pile":1,"minecraft:dandelion":1,"minecraft:oak_fence":4,"minecraft:poppy":1,"minecraft:melon":12,"minecraft:tall_grass":1,"minecraft:copper_ore":8,"minecraft:cobblestone":9,"minecraft:sugar_cane":2,"minecraft:oak_planks":24,"minecraft:diorite":56,"supplementaries:urn":17,"minecraft:wheat":7,"minecraft:birch_log":6,"minecraft:grass":83,"minecraft:oak_log":104,"minecraft:coal_ore":21,"minecraft:cocoa":5,"minecraft:gravel":21,"minecraft:dirt":45,"minecraft:cobweb":4,"minecraft:cracked_stone_bricks":2,"minecraft:mossy_stone_bricks":2,"minecraft:oak_leaves":8,"minecraft:deepslate":41,"minecraft:fern":22},"minecraft:crafted":{"minecraft:fishing_rod":1,"minecraft:cooked_chicken":1,"minecraft:stone_pickaxe":3,"minecraft:chest":2,"minecraft:minecart":3,"minecraft:cooked_beef":9,"minecraft:crafting_table":1,"minecraft:polished_granite":4,"minecraft:jungle_planks":136,"minecraft:stick":44,"minecraft:stone_sword":1,"iceandfire:gold_pile":5,"minecraft:torch":120}},"DataVersion":3465}