{"stats":{"minecraft:broken":{"minecraft:wooden_pickaxe":1,"minecraft:stone_pickaxe":4},"minecraft:used":{"minecraft:stone_sword":96,"minecraft:shield":3,"minecraft:iron_sword":311,"minecraft:iron_chestplate":1,"minecraft:torch":77,"minecraft:dirt":24,"minecraft:jungle_planks":34,"minecraft:lava_bucket":2,"minecraft:jungle_log":5,"minecraft:iron_helmet":1,"minecraft:iron_boots":1,"tombstone:gift":4,"minecraft:cooked_beef":5,"minecraft:cobbled_deepslate":4,"minecraft:iron_leggings":1,"minecraft:wheat_seeds":10,"minecraft:water_bucket":7,"minecraft:mossy_stone_bricks":1,"minecraft:diorite":8,"minecraft:stone_pickaxe":653,"minecraft:oak_planks":9,"minecraft:wooden_pickaxe":74,"minecraft:cracked_stone_bricks":1,"minecraft:crafting_table":1,"magistuarmory:rustedchainmail_helmet":1,"minecraft:melon_slice":95,"minecraft:bread":3,"minecraft:iron_pickaxe":20,"minecraft:gravel":4,"minecraft:fishing_rod":30,"minecraft:enchanted_book":1,"minecraft:wooden_sword":9,"minecraft:cobblestone":46,"minecraft:bucket":9,"alexsmobs:animal_dictionary":1,"minecraft:dandelion":1},"minecraft:custom":{"minecraft:mob_kills":40,"minecraft:animals_bred":2,"minecraft:interact_with_crafting_table":74,"minecraft:leave_game":1,"minecraft:time_since_death":104217,"minecraft:climb_one_cm":11296,"minecraft:sprint_one_cm":1236531,"minecraft:walk_one_cm":1711814,"minecraft:damage_blocked_by_shield":180,"minecraft:drop":90,"minecraft:sneak_time":176,"minecraft:play_time":456977,"minecraft:deaths":22,"minecraft:walk_under_water_one_cm":9150,"minecraft:boat_one_cm":92554,"minecraft:jump":3820,"minecraft:walk_on_water_one_cm":32532,"minecraft:total_world_time":456977,"minecraft:interact_with_furnace":7,"minecraft:sleep_in_bed":4,"minecraft:time_since_rest":80076,"minecraft:damage_taken":7572,"minecraft:damage_dealt":7392,"minecraft:swim_one_cm":424,"minecraft:fly_one_cm":178964,"minecraft:open_chest":50,"minecraft:crouch_one_cm":85,"tombstone:undead_killed":13,"minecraft:fish_caught":7,"minecraft:fall_one_cm":48329},"minecraft:dropped":{"minecraft:iron_sword":1,"minecraft:oak_slab":2,"minecraft:wheat_seeds":4,"minecraft:cooked_beef":2,"minecraft:oak_log":15,"minecraft:minecart":1,"minecraft:oak_fence":1,"minecraft:feather":1,"minecraft:cobblestone":430,"minecraft:glow_berries":13,"minecraft:leather":4,"minecraft:granite":12,"minecraft:jungle_planks":176,"minecraft:stick":1,"minecraft:dirt":107,"minecraft:diorite":58,"tombstone:grave_key":3,"alexsmobs:flying_fish":2,"minecraft:melon_slice":72,"minecraft:jungle_door":1,"minecraft:wooden_sword":2,"minecraft:lily_pad":2,"minecraft:cooked_chicken":1,"minecraft:stone_sword":5,"minecraft:cocoa_beans":12,"minecraft:raw_copper":33,"wardrobe:ocelot_skin":1,"minecraft:rotten_flesh":21,"minecraft:oak_planks":3,"minecraft:stripped_oak_log":4,"minecraft:salmon":1,"supplementaries:flax_seeds":1,"minecraft:andesite":126,"minecraft:melon_seeds":4,"minecraft:jungle_log":24,"minecraft:wooden_pickaxe":2,"minecraft:stone_pickaxe":2,"minecraft:beef":2,"minecraft:polished_granite":4},"minecraft:killed":{"alexsmobs:raccoon":2,"minecraft:spider":2,"minecraft:skeleton":3,"minecraft:chicken":1,"alexsmobs:bison":1,"alexsmobs:flying_fish":1,"minecraft:ocelot":1,"alexsmobs:seal":3,"minecraft:bat":1,"minecraft:creeper":1,"minecraft:zombie":10,"minecraft:donkey":3,"alexsmobs:terrapin":1,"minecraft:cow":4},"minecraft:picked_up":{"minecraft:cocoa_beans":27,"minecraft:iron_chestplate":1,"minecraft:wheat":17,"minecraft:chicken":1,"minecraft:golden_pickaxe":1,"minecraft:wooden_pickaxe":3,"minecraft:enchanted_book":2,"tombstone:grave_key":3,"minecraft:shield":1,"minecraft:string":5,"minecraft:raw_copper":33,"minecraft:wooden_sword":3,"minecraft:iron_leggings":1,"minecraft:cracked_stone_bricks":2,"minecraft:gold_nugget":40,"minecraft:cobbled_deepslate":41,"minecraft:beef":13,"minecraft:iron_pickaxe":2,"minecraft:jungle_sapling":1,"minecraft:iron_nugget":10,"minecraft:poppy":1,"alexsmobs:raccoon_tail":1,"minecraft:minecart":2,"minecraft:melon_slice":186,"minecraft:sugar_cane":3,"supplementaries:rope":4,"minecraft:iron_boots":1,"tombstone:scroll_of_lightning_resistance":1,"minecraft:stick":15,"minecraft:raw_iron":15,"minecraft:jungle_door":2,"minecraft:oak_fence":1,"minecraft:torch":2,"magistuarmory:rusted_heavymace":1,"tombstone:grave_dust":1,"minecraft:diorite":66,"minecraft:stone_sword":5,"minecraft:arrow":2,"minecraft:rotten_flesh":20,"minecraft:tropical_fish":1,"supplementaries:ash":28,"minecraft:cod":10,"alexsmobs:flying_fish":2,"minecraft:white_wool":17,"minecraft:rail":6,"minecraft:cobblestone":484,"minecraft:stripped_oak_log":4,"minecraft:birch_log":12,"minecraft:feather":1,"minecraft:cooked_beef":7,"minecraft:salmon":8,"minecraft:andesite":127,"minecraft:jungle_log":56,"minecraft:leather":7,"alexsmobs:bison_fur":1,"minecraft:flint":2,"minecraft:oak_log":103,"minecraft:lily_pad":2,"supplementaries:flax_seeds":2,"minecraft:dirt":166,"minecraft:bone":19,"minecraft:apple":6,"minecraft:wheat_seeds":23,"minecraft:stone_pickaxe":3,"minecraft:mossy_stone_bricks":1,"minecraft:bamboo":9,"minecraft:iron_sword":2,"minecraft:oak_planks":25,"minecraft:oak_slab":2,"minecraft:dandelion":1,"minecraft:gravel":16,"wardrobe:ocelot_skin":2,"minecraft:jungle_planks":71,"magistuarmory:rustedchainmail_leggings":1,"magistuarmory:rustedchainmail_helmet":2,"minecraft:iron_helmet":1,"minecraft:granite":16,"minecraft:emerald":10,"minecraft:bread":13,"minecraft:black_wool":1,"minecraft:melon_seeds":8,"minecraft:coal":29,"iceandfire:raw_silver":8},"minecraft:killed_by":{"minecraft:player":1,"minecraft:creeper":3,"alexsmobs:leafcutter_ant":1,"minecraft:enderman":2,"alexsmobs:bison":1,"minecraft:skeleton":9,"minecraft:zombie":1,"iceandfire:ghost":1},"minecraft:mined":{"iceandfire:silver_ore":6,"alexsmobs:leafcutter_anthill":1,"minecraft:jungle_leaves":5,"minecraft:glow_lichen":3,"minecraft:granite":20,"minecraft:grass_block":81,"minecraft:jungle_planks":8,"minecraft:jungle_log":56,"minecraft:iron_ore":13,"minecraft:andesite":32,"minecraft:flowering_azalea_leaves":1,"minecraft:vine":38,"minecraft:bamboo":3,"minecraft:stone":259,"minecraft:oak_slab":3,"supplementaries:book_pile":1,"minecraft:dandelion":1,"minecraft:oak_fence":4,"minecraft:poppy":1,"minecraft:melon":12,"minecraft:tall_grass":1,"minecraft:copper_ore":8,"minecraft:cobblestone":9,"minecraft:sugar_cane":2,"minecraft:oak_planks":24,"minecraft:diorite":56,"supplementaries:urn":17,"minecraft:wheat":7,"minecraft:birch_log":6,"minecraft:grass":79,"minecraft:oak_log":104,"minecraft:coal_ore":21,"minecraft:cocoa":5,"minecraft:gravel":21,"minecraft:dirt":45,"minecraft:cobweb":4,"minecraft:cracked_stone_bricks":2,"minecraft:mossy_stone_bricks":2,"minecraft:oak_leaves":8,"minecraft:deepslate":41,"minecraft:fern":22},"minecraft:crafted":{"minecraft:fishing_rod":1,"minecraft:cooked_chicken":1,"minecraft:stone_pickaxe":3,"minecraft:minecart":3,"minecraft:crafting_table":1,"minecraft:polished_granite":4,"minecraft:jungle_planks":136,"minecraft:stick":40,"minecraft:stone_sword":1,"iceandfire:gold_pile":5,"minecraft:torch":120}},"DataVersion":3465}