{"stats":{"minecraft:broken":{"minecraft:iron_shovel":1,"minecraft:shears":3,"minecraft:stone_pickaxe":4,"minecraft:wooden_sword":1,"minecraft:iron_sword":6,"minecraft:crossbow":1,"magistuarmory:rustedchainmail_boots":1,"magistuarmory:rustedgreathelm":1,"minecraft:wooden_pickaxe":1,"minecraft:shield":2,"minecraft:iron_axe":3,"minecraft:iron_pickaxe":5,"minecraft:iron_helmet":1,"magistuarmory:rustedchainmail_leggings":1},"minecraft:mined":{"minecraft:spruce_planks":4,"minecraft:attached_melon_stem":1,"minecraft:white_bed":20,"alexsmobs:leafcutter_anthill":1,"minecraft:jungle_leaves":5,"minecraft:granite":39,"minecraft:budding_amethyst":19,"minecraft:acacia_log":5,"minecraft:grass_block":478,"minecraft:jungle_log":56,"minecraft:light_gray_bed":17,"minecraft:sandstone_stairs":9,"minecraft:tall_seagrass":1,"minecraft:raw_iron_block":1,"minecraft:iron_ore":56,"minecraft:cobbled_deepslate":6,"minecraft:pumpkin":6,"minecraft:deepslate_lapis_ore":3,"minecraft:flowering_azalea_leaves":1,"minecraft:small_amethyst_bud":1,"minecraft:sandstone_slab":16,"minecraft:deepslate_redstone_ore":15,"minecraft:cut_sandstone":1,"supplementaries:book_pile":1,"minecraft:melon_stem":8,"minecraft:amethyst_cluster":13,"minecraft:torch":4,"minecraft:calcite":1,"minecraft:poppy":2,"minecraft:melon":25,"minecraft:glass":1,"minecraft:cobblestone":40,"minecraft:sugar_cane":2,"minecraft:oak_planks":160,"minecraft:wall_torch":7,"minecraft:amethyst_block":90,"minecraft:seagrass":2,"minecraft:birch_log":6,"minecraft:wheat":19,"minecraft:light_gray_wool":29,"minecraft:wither_rose":1,"minecraft:grass":294,"minecraft:oak_log":553,"minecraft:beetroots":22,"minecraft:sand":197,"minecraft:dirt":698,"minecraft:oak_leaves":88,"minecraft:deepslate":174,"minecraft:tuff":16,"iceandfire:silver_ore":37,"minecraft:deepslate_diamond_ore":18,"minecraft:oak_door":2,"minecraft:glow_lichen":7,"minecraft:birch_fence_gate":2,"minecraft:jungle_planks":12,"iceandfire:deepslate_silver_ore":2,"minecraft:spruce_leaves":15,"minecraft:sandstone":15,"minecraft:large_fern":2,"minecraft:redstone_ore":22,"minecraft:furnace":4,"minecraft:chiseled_sandstone":6,"minecraft:andesite":42,"minecraft:potatoes":33,"minecraft:deepslate_iron_ore":17,"minecraft:vine":106,"minecraft:stripped_oak_log":423,"minecraft:bamboo":3,"minecraft:stone":605,"minecraft:white_wool":1,"minecraft:oak_slab":86,"minecraft:glass_pane":37,"minecraft:dandelion":2,"minecraft:oak_fence":15,"minecraft:emerald_ore":1,"minecraft:tall_grass":13,"minecraft:copper_ore":18,"minecraft:lapis_ore":9,"minecraft:deepslate_gold_ore":4,"minecraft:diorite":67,"supplementaries:urn":58,"minecraft:cactus":2,"minecraft:black_wool":189,"minecraft:coal_ore":238,"minecraft:cocoa":5,"minecraft:gravel":38,"minecraft:cobweb":6,"minecraft:cracked_stone_bricks":5,"minecraft:stone_bricks":6,"minecraft:mossy_stone_bricks":3,"minecraft:birch_fence":13,"minecraft:fern":24},"minecraft:used":{"minecraft:beetroot":7,"minecraft:iron_shovel":324,"minecraft:oak_sign":1,"minecraft:chest":2,"minecraft:shield":127,"minecraft:stone":295,"minecraft:iron_sword":1688,"minecraft:iron_chestplate":1,"minecraft:jungle_planks":34,"minecraft:carrot":2,"minecraft:tuff":4,"minecraft:glass":25,"minecraft:lava_bucket":2,"minecraft:iron_helmet":1,"minecraft:bow":35,"minecraft:beetroot_seeds":11,"minecraft:potato":33,"magistuarmory:rustedchainmail_leggings":1,"alexsmobs:raw_catfish":1,"minecraft:mossy_stone_bricks":1,"minecraft:diorite":8,"minecraft:stone_pickaxe":653,"minecraft:oak_planks":560,"minecraft:wooden_pickaxe":74,"minecraft:sandstone":9,"minecraft:cookie":1,"minecraft:white_wool":7,"minecraft:golden_apple":1,"minecraft:sand":192,"minecraft:shears":80,"magistuarmory:rustedchainmail_helmet":1,"minecraft:melon_slice":162,"minecraft:bread":106,"minecraft:gravel":7,"minecraft:wooden_sword":65,"minecraft:oak_boat":7,"minecraft:air":1,"minecraft:oak_fence":34,"minecraft:acacia_log":1,"minecraft:stone_sword":96,"minecraft:tropical_fish":2,"minecraft:oak_door":2,"minecraft:torch":280,"minecraft:dirt":1135,"minecraft:granite":6,"minecraft:iron_axe":992,"minecraft:jungle_log":5,"minecraft:iron_boots":1,"minecraft:melon_seeds":16,"minecraft:light_gray_wool":29,"tombstone:gift":4,"minecraft:cooked_beef":17,"minecraft:light_gray_bed":17,"minecraft:cobbled_deepslate":18,"minecraft:iron_leggings":1,"minecraft:wheat_seeds":32,"minecraft:cooked_mutton":16,"minecraft:water_bucket":28,"minecraft:baked_potato":43,"minecraft:cracked_stone_bricks":1,"minecraft:oak_slab":194,"minecraft:crafting_table":2,"minecraft:white_bed":19,"minecraft:cod":4,"minecraft:black_wool":1676,"minecraft:apple":15,"minecraft:iron_pickaxe":1338,"minecraft:enchanted_book":1,"minecraft:fishing_rod":50,"minecraft:cobblestone":163,"minecraft:potion":1,"minecraft:bucket":29,"minecraft:sandstone_slab":11,"minecraft:glass_pane":20,"alexsmobs:animal_dictionary":1,"minecraft:dandelion":1,"minecraft:stripped_oak_log":588},"minecraft:killed":{"minecraft:spider":12,"minecraft:skeleton":29,"minecraft:chicken":1,"minecraft:salmon":5,"alexsmobs:seal":3,"minecraft:creeper":7,"minecraft:sheep":6,"minecraft:pillager":1,"minecraft:donkey":3,"minecraft:zombie":71,"alexsmobs:terrapin":1,"minecraft:cow":5,"alexsmobs:raccoon":2,"alexsmobs:bison":1,"minecraft:drowned":6,"alexsmobs:flying_fish":1,"minecraft:ocelot":1,"minecraft:bat":2,"minecraft:squid":6,"alexsmobs:catfish":2,"iceandfire:ghost":2},"minecraft:killed_by":{"minecraft:creeper":6,"alexsmobs:leafcutter_ant":1,"minecraft:zombie":6,"minecraft:player":1,"minecraft:enderman":4,"alexsmobs:bison":1,"alexsmobs:centipede_head":1,"minecraft:skeleton":13,"alexsmobs:tarantula_hawk":1,"iceandfire:ghost":1},"minecraft:custom":{"minecraft:animals_bred":45,"minecraft:interact_with_crafting_table":135,"minecraft:leave_game":13,"minecraft:time_since_death":13837,"minecraft:sprint_one_cm":4793995,"minecraft:damage_blocked_by_shield":7623,"minecraft:drop":229,"minecraft:talked_to_villager":5,"minecraft:play_time":1652297,"minecraft:deaths":43,"minecraft:jump":12894,"minecraft:walk_on_water_one_cm":268447,"minecraft:interact_with_furnace":68,"minecraft:sleep_in_bed":60,"minecraft:damage_dealt":33478,"minecraft:crouch_one_cm":43362,"tombstone:undead_killed":108,"minecraft:interact_with_smithing_table":1,"minecraft:interact_with_anvil":1,"minecraft:mob_kills":181,"minecraft:climb_one_cm":43050,"minecraft:walk_one_cm":6468472,"minecraft:sneak_time":17784,"minecraft:walk_under_water_one_cm":133110,"minecraft:boat_one_cm":942012,"minecraft:total_world_time":1652297,"tombstone:raider_killed":1,"minecraft:time_since_rest":13000,"minecraft:damage_taken":21743,"minecraft:trigger_trapped_chest":1,"minecraft:swim_one_cm":273886,"minecraft:fly_one_cm":695938,"minecraft:open_chest":372,"minecraft:fish_caught":19,"minecraft:fall_one_cm":170195},"minecraft:picked_up":{"minecraft:iron_chestplate":2,"minecraft:wheat":39,"minecraft:potion":1,"minecraft:enchanted_book":3,"tombstone:grave_key":5,"minecraft:amethyst_block":86,"minecraft:string":28,"minecraft:raw_copper":65,"minecraft:iron_leggings":2,"minecraft:pufferfish":1,"minecraft:zombie_head":1,"minecraft:beetroot":48,"minecraft:cobbled_deepslate":157,"minecraft:tnt_minecart":1,"minecraft:gold_nugget":89,"minecraft:calcite":2,"minecraft:iron_pickaxe":5,"alexsmobs:raccoon_tail":1,"minecraft:melon_slice":271,"minecraft:iron_boots":2,"minecraft:furnace":4,"tombstone:scroll_of_lightning_resistance":1,"minecraft:stick":30,"minecraft:jungle_door":2,"minecraft:oak_fence":15,"minecraft:torch":143,"minecraft:acacia_log":5,"magistuarmory:rusted_heavymace":1,"tombstone:grave_dust":14,"minecraft:diorite":76,"minecraft:golden_chestplate":1,"minecraft:stone_sword":5,"minecraft:light_gray_bed":18,"minecraft:rotten_flesh":114,"minecraft:tropical_fish":1,"supplementaries:antique_ink":5,"alexsmobs:emu_egg":3,"supplementaries:ash":62,"minecraft:cod":33,"alexsmobs:flying_fish":2,"minecraft:cobblestone":1027,"minecraft:birch_log":12,"minecraft:cooked_beef":18,"minecraft:feather":1,"minecraft:water_bucket":1,"minecraft:andesite":128,"minecraft:jungle_log":57,"minecraft:potato":33,"alexsmobs:bison_fur":1,"minecraft:flint":3,"minecraft:tuff":11,"supplementaries:flax_seeds":17,"minecraft:lapis_lazuli":88,"minecraft:dirt":1241,"minecraft:glass":64,"minecraft:leather_boots":4,"minecraft:bone":85,"minecraft:bow":3,"minecraft:wheat_seeds":139,"minecraft:mossy_stone_bricks":1,"minecraft:bamboo":9,"minecraft:oak_planks":159,"wardrobe:ocelot_skin":2,"minecraft:birch_fence_gate":2,"minecraft:jungle_planks":75,"minecraft:sand":206,"minecraft:ink_sac":9,"magistuarmory:rustedgreathelm":1,"minecraft:bundle":2,"minecraft:diamond":17,"magistuarmory:corruptedroundshield":2,"minecraft:crossbow":1,"minecraft:granite":35,"alexsmobs:tarantula_hawk_wing_fragment":1,"minecraft:bone_meal":1,"minecraft:emerald":30,"minecraft:bread":25,"alexsmobs:maggot":1,"minecraft:plenty_pottery_sherd":1,"minecraft:oak_sapling":20,"iceandfire:raw_silver":40,"minecraft:cocoa_beans":27,"minecraft:sandstone_slab":16,"minecraft:azure_bluet":2,"minecraft:chicken":1,"minecraft:leather_leggings":1,"minecraft:golden_pickaxe":1,"minecraft:wooden_pickaxe":3,"minecraft:shield":4,"minecraft:cornflower":1,"minecraft:iron_axe":1,"minecraft:wooden_sword":3,"minecraft:item_frame":2,"minecraft:iron_shovel":1,"minecraft:birch_fence":14,"minecraft:glass_pane":26,"minecraft:cracked_stone_bricks":3,"minecraft:beef":25,"minecraft:oak_boat":7,"minecraft:jungle_sapling":1,"minecraft:iron_nugget":32,"minecraft:poppy":1,"minecraft:light_gray_wool":69,"minecraft:minecart":2,"supplementaries:rope":4,"minecraft:sugar_cane":3,"minecraft:egg":5,"minecraft:raw_iron":84,"minecraft:sandstone":9,"minecraft:stone":32,"minecraft:oak_door":2,"magistuarmory:rustedbarbute":4,"minecraft:cookie":1,"minecraft:carrot":1,"minecraft:redstone":130,"minecraft:arrow":82,"minecraft:beetroot_seeds":101,"minecraft:sandstone_stairs":8,"tombstone:essence_of_undeath":1,"minecraft:mutton":19,"minecraft:rail":7,"minecraft:skeleton_skull":1,"minecraft:white_wool":28,"minecraft:stripped_oak_log":633,"magistuarmory:rustedhalfarmor_chestplate":1,"minecraft:glow_ink_sac":3,"minecraft:tripwire_hook":2,"minecraft:salmon":23,"minecraft:leather":18,"minecraft:oak_log":845,"minecraft:lily_pad":2,"minecraft:gunpowder":3,"minecraft:cooked_mutton":16,"minecraft:apple":12,"minecraft:iron_ingot":15,"minecraft:stone_pickaxe":3,"tombstone:bag_of_seeds":3,"minecraft:iron_sword":5,"minecraft:oak_slab":96,"minecraft:pumpkin":6,"minecraft:dandelion":11,"minecraft:gravel":38,"minecraft:amethyst_shard":52,"minecraft:white_bed":19,"magistuarmory:rustedchainmail_leggings":2,"minecraft:spider_eye":5,"alexsmobs:raw_catfish":1,"magistuarmory:rustedchainmail_helmet":2,"magistuarmory:rusted_bastardsword":1,"magistuarmory:rustedcrusader_boots":2,"minecraft:iron_helmet":2,"minecraft:gray_wool":4,"minecraft:baked_potato":152,"tombstone:magic_scroll":1,"minecraft:melon_seeds":26,"minecraft:black_wool":1447,"minecraft:coal":281},"minecraft:dropped":{"minecraft:iron_sword":1,"minecraft:cooked_beef":8,"minecraft:oak_log":551,"minecraft:golden_pickaxe":1,"minecraft:sandstone_stairs":8,"minecraft:sandstone_slab":5,"minecraft:glow_berries":13,"minecraft:leather":13,"minecraft:jungle_planks":181,"minecraft:cracked_stone_bricks":1,"minecraft:rail":1,"minecraft:dirt":177,"minecraft:cornflower":1,"minecraft:mutton":9,"alexsmobs:flying_fish":2,"minecraft:wooden_sword":2,"minecraft:iron_pickaxe":1,"minecraft:bone":26,"minecraft:oak_door":6,"minecraft:gravel":13,"minecraft:cooked_chicken":1,"minecraft:cobbled_deepslate":25,"minecraft:wheat":1,"minecraft:obsidian":7,"minecraft:beetroot":88,"minecraft:rotten_flesh":29,"wardrobe:ocelot_skin":1,"minecraft:oak_planks":131,"minecraft:azure_bluet":2,"minecraft:salmon":1,"supplementaries:flax_seeds":9,"supplementaries:ash":3,"minecraft:beetroot_seeds":45,"minecraft:melon_seeds":6,"minecraft:jungle_log":25,"minecraft:leather_boots":2,"minecraft:glass":30,"minecraft:beef":2,"minecraft:polished_granite":4,"minecraft:iron_ingot":58,"minecraft:bread":20,"minecraft:oak_slab":2,"minecraft:wheat_seeds":144,"minecraft:minecart":1,"minecraft:oak_fence":3,"minecraft:feather":1,"minecraft:cobblestone":630,"minecraft:apple":3,"minecraft:granite":19,"minecraft:acacia_log":4,"minecraft:coal":145,"minecraft:stick":1,"magistuarmory:rustedcrusader_boots":2,"minecraft:gray_wool":3,"minecraft:diorite":68,"minecraft:ink_sac":3,"minecraft:torch":70,"tombstone:grave_key":8,"minecraft:melon_slice":102,"minecraft:jungle_door":1,"tombstone:grave_dust":2,"minecraft:iron_leggings":1,"minecraft:iron_axe":4,"magistuarmory:rustedbarbute":4,"minecraft:iron_shovel":1,"minecraft:lily_pad":2,"minecraft:dandelion":9,"minecraft:furnace":4,"alexsmobs:maggot":1,"minecraft:stone_sword":5,"minecraft:cocoa_beans":12,"minecraft:raw_copper":33,"minecraft:raw_iron":33,"magistuarmory:rustedhalfarmor_chestplate":1,"minecraft:light_gray_wool":22,"minecraft:stripped_oak_log":4,"minecraft:oak_sign":3,"minecraft:glass_pane":13,"minecraft:stone":27,"minecraft:shield":1,"minecraft:iron_chestplate":1,"minecraft:andesite":127,"minecraft:oak_boat":1,"minecraft:oak_sapling":17,"minecraft:spider_eye":2,"minecraft:stone_pickaxe":2,"minecraft:wooden_pickaxe":2,"minecraft:calcite":2,"minecraft:black_wool":575},"minecraft:crafted":{"minecraft:oak_planks":644,"minecraft:cooked_chicken":1,"minecraft:stone":87,"minecraft:glass":53,"minecraft:chest":2,"minecraft:oak_fence":108,"minecraft:oak_slab":180,"minecraft:crafting_table":2,"minecraft:diamond_pickaxe":1,"minecraft:stick":154,"minecraft:iron_pickaxe":2,"minecraft:stone_sword":1,"iceandfire:gold_pile":5,"minecraft:shears":1,"minecraft:oak_door":6,"minecraft:fishing_rod":1,"minecraft:iron_axe":7,"minecraft:stone_pickaxe":3,"minecraft:minecart":3,"minecraft:cooked_beef":21,"minecraft:iron_sword":1,"minecraft:polished_granite":4,"minecraft:jungle_planks":136,"minecraft:oak_boat":1,"minecraft:iron_shovel":1,"minecraft:torch":242}},"DataVersion":3465}