{"stats":{"minecraft:used":{"minecraft:beetroot":4,"minecraft:iron_shovel":474,"minecraft:chest":4,"minecraft:shield":64,"minecraft:iron_sword":787,"minecraft:jungle_planks":171,"minecraft:tuff":22,"minecraft:cooked_cod":5,"minecraft:furnace":10,"minecraft:beetroot_seeds":85,"minecraft:potato":87,"minecraft:diorite":2,"minecraft:mossy_stone_bricks":1,"minecraft:stone_pickaxe":648,"minecraft:wooden_pickaxe":116,"minecraft:sandstone":12,"minecraft:golden_apple":1,"minecraft:glow_berries":40,"minecraft:sand":15,"minecraft:shears":2,"minecraft:pumpkin_seeds":6,"minecraft:melon_slice":144,"minecraft:bread":17,"minecraft:gravel":12,"supplementaries:flax_seeds":10,"minecraft:wooden_sword":40,"minecraft:andesite":34,"minecraft:oak_boat":2,"minecraft:bone_meal":27,"minecraft:oak_fence":39,"minecraft:stone_sword":258,"minecraft:stone_shovel":262,"minecraft:cooked_salmon":1,"minecraft:stone_hoe":174,"minecraft:cooked_chicken":2,"minecraft:torch":287,"minecraft:dirt":417,"minecraft:granite":7,"minecraft:oak_fence_gate":2,"minecraft:iron_hoe":184,"minecraft:jungle_log":8,"minecraft:melon_seeds":16,"minecraft:cooked_beef":6,"minecraft:enchanted_golden_apple":1,"minecraft:cobbled_deepslate":97,"minecraft:wheat_seeds":271,"minecraft:cooked_mutton":19,"minecraft:water_bucket":44,"minecraft:baked_potato":23,"minecraft:crafting_table":11,"minecraft:white_bed":13,"minecraft:black_wool":2,"minecraft:iron_pickaxe":1438,"minecraft:stone_axe":67,"minecraft:fishing_rod":80,"minecraft:cobblestone":239,"minecraft:cooked_porkchop":30,"minecraft:jungle_door":2,"minecraft:bucket":43,"minecraft:dandelion":1},"minecraft:crafted":{"minecraft:black_dye":36,"minecraft:oak_planks":380,"minecraft:cooked_chicken":1,"minecraft:stone":158,"minecraft:cooked_mutton":35,"minecraft:glass":185,"minecraft:iron_boots":4,"minecraft:melon_seeds":12,"minecraft:chest":4,"minecraft:black_wool":16,"minecraft:stone_hoe":1,"minecraft:oak_fence":48,"minecraft:deepslate":1,"minecraft:cooked_porkchop":30,"minecraft:crafting_table":8,"minecraft:iron_helmet":4,"minecraft:wooden_pickaxe":4,"minecraft:baked_potato":55,"minecraft:copper_ingot":14,"minecraft:birch_planks":48,"minecraft:iron_chestplate":4,"minecraft:shield":4,"minecraft:stick":164,"minecraft:iron_ingot":270,"minecraft:iron_pickaxe":6,"minecraft:compass":1,"minecraft:stone_sword":3,"minecraft:gold_ingot":16,"minecraft:shears":1,"minecraft:wooden_sword":4,"minecraft:stone_shovel":2,"minecraft:fishing_rod":1,"minecraft:furnace":3,"minecraft:bone_meal":27,"minecraft:iron_hoe":1,"minecraft:stone_pickaxe":8,"minecraft:cooked_beef":10,"minecraft:cooked_cod":5,"minecraft:iron_sword":7,"minecraft:cooked_salmon":3,"minecraft:bucket":1,"minecraft:stone_axe":1,"minecraft:jungle_planks":272,"minecraft:oak_fence_gate":2,"minecraft:oak_boat":2,"minecraft:jungle_door":3,"minecraft:iron_shovel":2,"minecraft:iron_leggings":4,"minecraft:white_bed":4,"minecraft:torch":188},"minecraft:custom":{"minecraft:animals_bred":73,"minecraft:interact_with_crafting_table":77,"minecraft:eat_cake_slice":5,"minecraft:leave_game":7,"minecraft:time_since_death":277234,"minecraft:damage_resisted":151,"minecraft:sprint_one_cm":2032090,"minecraft:damage_blocked_by_shield":3840,"minecraft:drop":225,"minecraft:talked_to_villager":2,"minecraft:play_time":922641,"minecraft:deaths":18,"minecraft:jump":7590,"minecraft:walk_on_water_one_cm":187395,"minecraft:interact_with_furnace":161,"minecraft:sleep_in_bed":24,"minecraft:damage_dealt":22528,"minecraft:player_kills":1,"minecraft:crouch_one_cm":30356,"tombstone:undead_killed":72,"minecraft:mob_kills":148,"minecraft:climb_one_cm":29395,"minecraft:walk_one_cm":3406549,"minecraft:sneak_time":5243,"minecraft:walk_under_water_one_cm":134441,"minecraft:boat_one_cm":1393586,"minecraft:total_world_time":922641,"tombstone:raider_killed":2,"minecraft:time_since_rest":12547,"minecraft:damage_taken":12747,"minecraft:damage_absorbed":180,"minecraft:swim_one_cm":59665,"minecraft:fly_one_cm":748975,"minecraft:open_chest":179,"minecraft:fish_caught":30,"minecraft:fall_one_cm":101822},"minecraft:killed_by":{"minecraft:creeper":2,"minecraft:zombie":5,"minecraft:enderman":1,"minecraft:skeleton":10},"minecraft:picked_up":{"minecraft:wheat":166,"minecraft:enchanted_book":1,"tombstone:grave_key":1,"minecraft:amethyst_block":36,"minecraft:string":18,"minecraft:raw_copper":128,"minecraft:pufferfish":1,"minecraft:beetroot":51,"minecraft:activator_rail":6,"minecraft:cobbled_deepslate":484,"minecraft:gold_nugget":70,"minecraft:iron_pickaxe":2,"minecraft:melon_slice":272,"minecraft:furnace":7,"minecraft:stick":9,"minecraft:oak_fence":7,"minecraft:torch":116,"magistuarmory:rusted_heavymace":2,"minecraft:porkchop":30,"tombstone:grave_dust":1,"minecraft:diorite":12,"supplementaries:flax":5,"magistuarmory:rustedcrusader_chestplate":4,"minecraft:stone_sword":2,"minecraft:light_gray_bed":1,"minecraft:rotten_flesh":63,"minecraft:tropical_fish":1,"iceandfire:deathworm_chitin_yellow":1,"supplementaries:antique_ink":5,"minecraft:cod":1,"minecraft:cobblestone":1226,"minecraft:cooked_beef":5,"minecraft:feather":1,"magistuarmory:rustedchainmail_boots":2,"minecraft:andesite":77,"minecraft:jungle_log":90,"minecraft:potato":149,"minecraft:flint":13,"minecraft:tuff":25,"supplementaries:flax_seeds":17,"minecraft:lapis_lazuli":177,"minecraft:dirt":760,"tombstone:familiar_receptacle":1,"minecraft:name_tag":1,"minecraft:leather_boots":2,"minecraft:bone":30,"minecraft:glass":1,"minecraft:bow":3,"minecraft:wheat_seeds":499,"minecraft:raw_gold":48,"minecraft:mossy_stone_bricks":2,"minecraft:oak_planks":10,"minecraft:poisonous_potato":1,"wardrobe:ocelot_skin":1,"minecraft:jungle_planks":7,"minecraft:sand":298,"minecraft:ink_sac":36,"minecraft:chiseled_sandstone":2,"minecraft:bundle":3,"minecraft:diamond":7,"magistuarmory:corruptedroundshield":2,"minecraft:granite":35,"minecraft:golden_apple":1,"minecraft:bread":18,"minecraft:oak_leaves":2,"iceandfire:raw_silver":11,"minecraft:cocoa_beans":9,"minecraft:crafting_table":3,"minecraft:chest_minecart":8,"minecraft:wooden_pickaxe":2,"alexsmobs:roadrunner_feather":1,"minecraft:chain":2,"minecraft:wooden_sword":2,"minecraft:iron_shovel":1,"minecraft:birch_fence":2,"minecraft:cracked_stone_bricks":3,"minecraft:detector_rail":6,"minecraft:beef":8,"minecraft:iron_nugget":15,"minecraft:poppy":1,"minecraft:light_gray_wool":44,"supplementaries:rope":9,"minecraft:raw_iron":294,"minecraft:sandstone":15,"minecraft:copper_ingot":1,"minecraft:bowl":1,"magistuarmory:rustedbarbute":1,"minecraft:redstone":64,"minecraft:arrow":14,"minecraft:beetroot_seeds":147,"minecraft:glow_berries":40,"minecraft:mutton":36,"minecraft:white_wool":70,"minecraft:rail":24,"minecraft:stripped_oak_log":7,"minecraft:leather":7,"minecraft:gunpowder":3,"minecraft:heart_pottery_sherd":1,"tombstone:gift":4,"minecraft:cooked_mutton":1,"mowziesmobs:foliaath_seed":2,"minecraft:rabbit_hide":1,"minecraft:iron_ingot":66,"tombstone:tablet_of_guard":1,"minecraft:cooked_chicken":1,"tombstone:bag_of_seeds":1,"minecraft:iron_sword":3,"minecraft:oak_slab":3,"minecraft:smooth_basalt":1,"minecraft:pumpkin":4,"magistuarmory:rustedchainmail_chestplate":1,"minecraft:stone_brick_slab":1,"minecraft:dandelion":3,"minecraft:gravel":94,"minecraft:amethyst_shard":64,"minecraft:white_bed":12,"magistuarmory:rustedchainmail_leggings":1,"minecraft:pumpkin_seeds":2,"minecraft:stone_axe":1,"minecraft:gray_wool":49,"minecraft:black_wool":91,"minecraft:melon_seeds":6,"minecraft:coal":365},"minecraft:dropped":{"minecraft:iron_sword":7,"minecraft:cooked_beef":15,"minecraft:baked_potato":24,"magistuarmory:rustedcrusader_chestplate":4,"minecraft:chest_minecart":6,"minecraft:jungle_planks":2,"minecraft:cracked_stone_bricks":3,"minecraft:rail":12,"minecraft:cod":6,"minecraft:dirt":287,"supplementaries:rope":4,"minecraft:wooden_sword":6,"supplementaries:flax":1,"minecraft:gold_nugget":7,"minecraft:sand":10,"minecraft:iron_pickaxe":2,"magistuarmory:corruptedroundshield":2,"minecraft:white_wool":15,"minecraft:bone":5,"magistuarmory:rustedchainmail_leggings":1,"minecraft:gravel":84,"minecraft:stone_axe":2,"minecraft:compass":1,"minecraft:iron_nugget":15,"minecraft:detector_rail":3,"minecraft:cobbled_deepslate":386,"minecraft:wheat":16,"tombstone:gift":4,"minecraft:rotten_flesh":62,"wardrobe:ocelot_skin":1,"minecraft:oak_planks":10,"minecraft:cooked_mutton":16,"minecraft:white_bed":2,"minecraft:poppy":1,"supplementaries:flax_seeds":8,"minecraft:gunpowder":2,"minecraft:beetroot_seeds":16,"minecraft:melon_seeds":6,"minecraft:leather_boots":1,"magistuarmory:rustedchainmail_chestplate":1,"magistuarmory:rustedchainmail_boots":2,"iceandfire:deathworm_chitin_yellow":1,"minecraft:oak_leaves":2,"minecraft:iron_ingot":3,"minecraft:bread":30,"minecraft:oak_slab":3,"minecraft:wheat_seeds":91,"minecraft:poisonous_potato":1,"minecraft:oak_fence":4,"minecraft:iron_helmet":2,"minecraft:cobblestone":793,"minecraft:granite":28,"minecraft:coal":35,"minecraft:stick":2,"minecraft:diorite":10,"minecraft:torch":17,"tombstone:grave_key":7,"minecraft:melon_slice":113,"minecraft:iron_leggings":3,"magistuarmory:rustedbarbute":1,"minecraft:string":7,"minecraft:dandelion":2,"minecraft:stone_brick_slab":1,"minecraft:stone_sword":3,"minecraft:deepslate":1,"minecraft:tuff":3,"minecraft:iron_boots":2,"minecraft:shield":3,"minecraft:iron_chestplate":3,"minecraft:andesite":43,"minecraft:mossy_stone_bricks":1,"minecraft:sandstone":3,"minecraft:stone_pickaxe":3,"minecraft:wooden_pickaxe":4},"minecraft:broken":{"minecraft:iron_shovel":2,"minecraft:iron_boots":1,"minecraft:stone_pickaxe":5,"minecraft:iron_sword":1,"minecraft:stone_shovel":2,"minecraft:stone_sword":2,"minecraft:stone_hoe":1,"minecraft:wooden_pickaxe":2,"minecraft:iron_pickaxe":5,"minecraft:iron_helmet":1},"minecraft:killed":{"minecraft:spider":8,"minecraft:skeleton":14,"mowziesmobs:foliaath":1,"minecraft:pig":15,"minecraft:zombie_villager":1,"minecraft:creeper":3,"minecraft:sheep":22,"minecraft:pillager":2,"minecraft:zombie":54,"minecraft:cow":2,"alexsmobs:tarantula_hawk":1,"minecraft:drowned":3,"iceandfire:deathworm":1,"alexsmobs:guster":1,"minecraft:squid":16},"minecraft:mined":{"minecraft:white_bed":13,"minecraft:farmland":11,"minecraft:granite":28,"minecraft:budding_amethyst":2,"minecraft:grass_block":395,"minecraft:jungle_log":92,"minecraft:light_gray_bed":1,"minecraft:tall_seagrass":2,"minecraft:iron_ore":189,"minecraft:cobbled_deepslate":13,"minecraft:pumpkin":4,"minecraft:deepslate_lapis_ore":6,"minecraft:dirt_path":2,"minecraft:deepslate_redstone_ore":12,"minecraft:cut_sandstone":1,"minecraft:melon_stem":1,"minecraft:amethyst_cluster":16,"minecraft:torch":6,"minecraft:poppy":1,"minecraft:melon":52,"minecraft:cobblestone":50,"minecraft:oak_planks":5,"minecraft:wall_torch":5,"minecraft:amethyst_block":36,"minecraft:deepslate_copper_ore":1,"minecraft:skeleton_skull":1,"minecraft:seagrass":7,"minecraft:chain":2,"minecraft:wheat":182,"minecraft:grass":324,"minecraft:beetroots":62,"minecraft:sand":251,"minecraft:dirt":231,"minecraft:smooth_basalt":2,"minecraft:oak_leaves":15,"minecraft:deepslate":403,"minecraft:tuff":21,"iceandfire:silver_ore":7,"minecraft:deepslate_diamond_ore":7,"minecraft:glow_lichen":2,"minecraft:jungle_planks":6,"iceandfire:deepslate_silver_ore":4,"minecraft:sandstone":19,"minecraft:redstone_ore":6,"minecraft:furnace":7,"supplementaries:flax":4,"minecraft:chiseled_sandstone":2,"minecraft:andesite":59,"minecraft:potatoes":50,"minecraft:deepslate_iron_ore":74,"minecraft:vine":30,"minecraft:rail":2,"minecraft:stripped_oak_log":7,"minecraft:stone":762,"minecraft:stone_brick_slab":1,"minecraft:dandelion":3,"minecraft:oak_fence":3,"minecraft:smooth_sandstone":2,"minecraft:crafting_table":3,"minecraft:tall_grass":13,"minecraft:copper_ore":31,"minecraft:lapis_ore":27,"minecraft:deepslate_gold_ore":40,"minecraft:diorite":45,"supplementaries:urn":25,"minecraft:cactus":5,"minecraft:black_wool":2,"minecraft:coal_ore":205,"minecraft:gravel":111,"minecraft:cobweb":11,"minecraft:cracked_stone_bricks":2,"minecraft:stone_bricks":1,"minecraft:gold_ore":8,"minecraft:mossy_stone_bricks":2,"minecraft:birch_fence":2,"minecraft:fern":44}},"DataVersion":3465}