{"stats":{"minecraft:used":{"minecraft:beetroot":24,"minecraft:iron_shovel":3530,"minecraft:oak_sign":11,"minecraft:chest":42,"minecraft:shield":76,"minecraft:stone":211,"minecraft:iron_sword":888,"minecraft:jungle_planks":171,"minecraft:tuff":22,"minecraft:glass":67,"minecraft:cooked_cod":5,"minecraft:oak_sapling":1,"minecraft:furnace":14,"minecraft:beetroot_seeds":85,"minecraft:potato":108,"minecraft:diorite":2,"minecraft:mossy_stone_bricks":1,"minecraft:stone_pickaxe":648,"minecraft:oak_planks":858,"minecraft:wooden_pickaxe":116,"minecraft:sandstone":12,"minecraft:jungle_pressure_plate":1,"minecraft:golden_apple":1,"minecraft:glow_berries":40,"minecraft:sand":18,"minecraft:pumpkin_seeds":6,"minecraft:shears":2,"minecraft:cobbled_deepslate_stairs":11,"minecraft:stone_button":1,"minecraft:melon_slice":224,"minecraft:bread":34,"minecraft:oak_pressure_plate":3,"minecraft:iron_door":2,"minecraft:gravel":12,"supplementaries:flax_seeds":10,"minecraft:wooden_sword":40,"minecraft:andesite":34,"minecraft:oak_boat":6,"minecraft:bone_meal":27,"minecraft:oak_fence":107,"minecraft:stone_sword":258,"minecraft:stone_shovel":262,"minecraft:cooked_salmon":1,"minecraft:cooked_chicken":2,"minecraft:stone_hoe":174,"minecraft:torch":340,"minecraft:dirt":3120,"minecraft:cobblestone_wall":5,"minecraft:granite":7,"minecraft:oak_fence_gate":3,"minecraft:iron_hoe":245,"minecraft:iron_axe":941,"minecraft:jungle_log":8,"minecraft:melon_seeds":16,"minecraft:light_gray_bed":1,"minecraft:cooked_beef":11,"minecraft:enchanted_golden_apple":1,"minecraft:cobbled_deepslate":200,"minecraft:cobbled_deepslate_wall":49,"minecraft:wheat_seeds":353,"minecraft:cooked_mutton":19,"minecraft:water_bucket":45,"minecraft:baked_potato":41,"minecraft:oak_slab":113,"minecraft:crafting_table":18,"minecraft:white_bed":30,"minecraft:oak_log":4,"minecraft:black_wool":2,"minecraft:apple":1,"minecraft:oak_button":1,"minecraft:iron_pickaxe":2058,"minecraft:stone_axe":67,"minecraft:fishing_rod":80,"minecraft:cobblestone":324,"minecraft:cooked_porkchop":30,"minecraft:jungle_door":2,"minecraft:bucket":45,"minecraft:glass_pane":218,"minecraft:stripped_oak_log":149,"minecraft:dandelion":1},"minecraft:crafted":{"minecraft:black_dye":36,"minecraft:oak_planks":1722,"minecraft:oak_sign":12,"minecraft:oak_pressure_plate":3,"minecraft:cooked_chicken":1,"minecraft:stone":492,"minecraft:cooked_mutton":35,"minecraft:glass":201,"minecraft:iron_boots":4,"minecraft:melon_seeds":12,"minecraft:chest":23,"minecraft:oak_button":1,"minecraft:iron_door":3,"minecraft:black_wool":16,"minecraft:stone_hoe":1,"minecraft:oak_fence":114,"minecraft:oak_slab":186,"minecraft:deepslate":1,"minecraft:cooked_porkchop":30,"minecraft:crafting_table":14,"minecraft:iron_helmet":4,"minecraft:wooden_pickaxe":4,"minecraft:baked_potato":167,"minecraft:jungle_pressure_plate":1,"minecraft:copper_ingot":14,"minecraft:cobbled_deepslate_wall":66,"minecraft:birch_planks":48,"minecraft:light_gray_bed":1,"minecraft:iron_chestplate":4,"minecraft:shield":4,"minecraft:stick":244,"minecraft:iron_ingot":288,"minecraft:compass":1,"minecraft:iron_pickaxe":8,"minecraft:stone_sword":3,"minecraft:gold_ingot":16,"minecraft:shears":2,"minecraft:wooden_sword":4,"minecraft:stone_shovel":2,"minecraft:fishing_rod":1,"minecraft:furnace":3,"minecraft:bone_meal":27,"minecraft:glass_pane":240,"minecraft:iron_axe":1,"minecraft:iron_hoe":1,"minecraft:stone_pickaxe":8,"minecraft:cobblestone_wall":30,"minecraft:cobbled_deepslate_stairs":32,"minecraft:wheat":783,"minecraft:cooked_beef":10,"minecraft:cooked_cod":5,"minecraft:iron_sword":8,"minecraft:cooked_salmon":3,"minecraft:bucket":2,"minecraft:stone_axe":1,"minecraft:bread":251,"minecraft:jungle_planks":288,"minecraft:oak_fence_gate":3,"minecraft:oak_boat":3,"minecraft:jungle_door":3,"minecraft:iron_shovel":15,"minecraft:iron_leggings":4,"minecraft:white_bed":4,"minecraft:acacia_planks":8,"minecraft:torch":188},"minecraft:dropped":{"minecraft:iron_sword":9,"minecraft:cooked_beef":15,"minecraft:baked_potato":24,"magistuarmory:rustedcrusader_chestplate":4,"minecraft:sandstone_slab":11,"minecraft:chest_minecart":6,"minecraft:leather":2,"minecraft:jungle_planks":4,"minecraft:cracked_stone_bricks":3,"minecraft:rail":50,"minecraft:cod":6,"minecraft:dirt":313,"minecraft:birch_fence":10,"supplementaries:rope":4,"alexsmobs:roadrunner_feather":1,"minecraft:cornflower":6,"minecraft:gold_nugget":7,"supplementaries:flax":1,"minecraft:wooden_sword":6,"minecraft:sand":43,"minecraft:iron_pickaxe":3,"magistuarmory:corruptedroundshield":2,"minecraft:fishing_rod":2,"minecraft:white_wool":15,"minecraft:bone":5,"magistuarmory:rustedchainmail_leggings":1,"minecraft:gravel":87,"minecraft:stone_axe":2,"minecraft:compass":1,"minecraft:iron_nugget":15,"minecraft:detector_rail":3,"minecraft:cobbled_deepslate":386,"minecraft:wheat":16,"tombstone:gift":4,"minecraft:rotten_flesh":67,"wardrobe:ocelot_skin":1,"minecraft:oak_planks":10,"minecraft:cooked_mutton":16,"minecraft:azure_bluet":6,"minecraft:white_bed":2,"minecraft:poppy":7,"supplementaries:flax_seeds":16,"minecraft:gunpowder":2,"minecraft:beetroot_seeds":16,"minecraft:melon_seeds":6,"minecraft:leather_boots":1,"magistuarmory:rustedchainmail_chestplate":1,"minecraft:glass":1,"magistuarmory:rustedchainmail_boots":2,"iceandfire:deathworm_chitin_yellow":6,"minecraft:oak_leaves":2,"minecraft:egg":1,"minecraft:water_bucket":1,"minecraft:iron_ingot":15,"minecraft:bread":30,"minecraft:oak_slab":3,"minecraft:wheat_seeds":309,"minecraft:poisonous_potato":1,"minecraft:oak_fence":4,"minecraft:iron_helmet":2,"minecraft:cobblestone":795,"minecraft:granite":28,"minecraft:coal":43,"minecraft:stick":12,"minecraft:oxeye_daisy":1,"minecraft:diorite":10,"minecraft:torch":18,"tombstone:grave_key":7,"minecraft:melon_slice":113,"tombstone:grave_dust":3,"minecraft:iron_leggings":3,"minecraft:iron_axe":1,"magistuarmory:rustedbarbute":1,"minecraft:iron_shovel":2,"minecraft:string":7,"minecraft:dandelion":70,"minecraft:stone_brick_slab":1,"minecraft:kelp":5,"minecraft:stone_sword":3,"minecraft:raw_copper":5,"minecraft:deepslate":1,"minecraft:tuff":3,"minecraft:light_gray_wool":39,"minecraft:iron_boots":2,"minecraft:iron_hoe":2,"minecraft:stripped_oak_log":256,"minecraft:stone":31,"minecraft:shield":3,"minecraft:iron_chestplate":3,"minecraft:andesite":43,"minecraft:mossy_stone_bricks":1,"minecraft:light_gray_bed":1,"minecraft:oak_sapling":13,"minecraft:sandstone":3,"minecraft:stone_pickaxe":3,"minecraft:wooden_pickaxe":4,"minecraft:black_wool":128},"minecraft:killed":{"minecraft:spider":8,"minecraft:skeleton":14,"mowziesmobs:foliaath":1,"minecraft:pig":15,"minecraft:zombie_villager":1,"minecraft:creeper":3,"minecraft:sheep":24,"minecraft:pillager":3,"minecraft:zombie":63,"minecraft:cow":7,"alexsmobs:tarantula_hawk":1,"minecraft:drowned":3,"iceandfire:deathworm":2,"alexsmobs:guster":5,"minecraft:squid":16},"minecraft:killed_by":{"minecraft:creeper":2,"minecraft:pillager":1,"minecraft:zombie":6,"minecraft:enderman":1,"minecraft:skeleton":10},"minecraft:broken":{"minecraft:iron_shovel":13,"minecraft:iron_boots":1,"minecraft:stone_pickaxe":5,"minecraft:iron_sword":1,"minecraft:stone_shovel":2,"minecraft:stone_sword":2,"minecraft:stone_hoe":1,"minecraft:wooden_pickaxe":2,"minecraft:iron_axe":4,"minecraft:iron_pickaxe":7,"minecraft:iron_helmet":1},"minecraft:custom":{"minecraft:animals_bred":107,"minecraft:interact_with_crafting_table":131,"minecraft:eat_cake_slice":5,"minecraft:leave_game":14,"minecraft:time_since_death":232875,"minecraft:damage_resisted":151,"minecraft:sprint_one_cm":3084637,"minecraft:damage_blocked_by_shield":4605,"minecraft:drop":302,"minecraft:talked_to_villager":5,"minecraft:play_time":1440084,"minecraft:deaths":20,"minecraft:jump":10536,"minecraft:walk_on_water_one_cm":260657,"minecraft:interact_with_furnace":215,"minecraft:sleep_in_bed":61,"minecraft:damage_dealt":25960,"minecraft:player_kills":1,"minecraft:crouch_one_cm":30932,"tombstone:undead_killed":81,"minecraft:mob_kills":170,"minecraft:climb_one_cm":32876,"minecraft:walk_one_cm":5097538,"minecraft:sneak_time":5352,"minecraft:walk_under_water_one_cm":173040,"minecraft:boat_one_cm":1755276,"minecraft:total_world_time":1440084,"tombstone:raider_killed":3,"minecraft:time_since_rest":6885,"minecraft:damage_taken":15639,"minecraft:damage_absorbed":180,"minecraft:swim_one_cm":74925,"minecraft:fly_one_cm":1442408,"minecraft:open_chest":280,"minecraft:fish_caught":30,"minecraft:fall_one_cm":153329},"minecraft:picked_up":{"minecraft:wheat":291,"minecraft:enchanted_book":2,"tombstone:grave_key":1,"minecraft:amethyst_block":36,"minecraft:string":26,"minecraft:raw_copper":133,"minecraft:pufferfish":1,"minecraft:oak_sign":3,"minecraft:beetroot":99,"minecraft:activator_rail":6,"minecraft:tnt_minecart":1,"minecraft:gold_nugget":70,"minecraft:cobbled_deepslate":702,"minecraft:eye_armor_trim_smithing_template":1,"minecraft:iron_pickaxe":5,"minecraft:melon_slice":327,"minecraft:iron_boots":1,"minecraft:furnace":11,"minecraft:stick":60,"minecraft:oak_fence":12,"minecraft:torch":153,"minecraft:acacia_log":2,"magistuarmory:rusted_heavymace":2,"minecraft:porkchop":30,"iceandfire:rotten_egg":2,"tombstone:grave_dust":4,"minecraft:diorite":12,"supplementaries:flax":5,"magistuarmory:rustedcrusader_chestplate":4,"minecraft:stone_sword":2,"minecraft:light_gray_bed":2,"minecraft:rotten_flesh":68,"minecraft:tropical_fish":1,"iceandfire:deathworm_chitin_yellow":6,"supplementaries:antique_ink":5,"minecraft:obsidian":14,"minecraft:cod":1,"minecraft:cobblestone":1469,"minecraft:feather":1,"minecraft:cooked_beef":11,"magistuarmory:rustedchainmail_boots":2,"minecraft:iron_door":1,"minecraft:andesite":77,"minecraft:jungle_log":90,"minecraft:jungle_wood":58,"minecraft:potato":268,"minecraft:flint":13,"minecraft:tuff":25,"supplementaries:flax_seeds":25,"minecraft:lapis_lazuli":177,"minecraft:dirt":4016,"tombstone:familiar_receptacle":1,"minecraft:name_tag":1,"minecraft:leather_boots":2,"minecraft:glass":69,"minecraft:bone":32,"minecraft:bow":3,"minecraft:wheat_seeds":885,"minecraft:cobbled_deepslate_wall":11,"minecraft:raw_gold":48,"minecraft:mossy_stone_bricks":2,"minecraft:glowstone_dust":28,"minecraft:oak_planks":251,"minecraft:poisonous_potato":1,"wardrobe:ocelot_skin":1,"minecraft:birch_fence_gate":2,"minecraft:sand":364,"minecraft:jungle_planks":7,"minecraft:ink_sac":36,"minecraft:chiseled_sandstone":2,"minecraft:bundle":3,"minecraft:iron_hoe":1,"minecraft:diamond":7,"magistuarmory:corruptedroundshield":2,"minecraft:granite":35,"minecraft:bone_meal":1,"minecraft:golden_apple":1,"minecraft:emerald":6,"minecraft:bread":18,"minecraft:oak_sapling":14,"minecraft:oak_leaves":2,"iceandfire:raw_silver":11,"minecraft:fishing_rod":1,"minecraft:cocoa_beans":9,"minecraft:crafting_table":4,"minecraft:sandstone_slab":11,"minecraft:azure_bluet":6,"minecraft:chest_minecart":8,"minecraft:wooden_pickaxe":2,"alexsmobs:roadrunner_feather":1,"minecraft:chain":2,"minecraft:cornflower":6,"minecraft:iron_axe":4,"minecraft:wooden_sword":2,"minecraft:compass":1,"minecraft:iron_shovel":1,"minecraft:birch_fence":24,"minecraft:cracked_stone_bricks":3,"minecraft:detector_rail":6,"minecraft:beef":18,"minecraft:oak_boat":3,"minecraft:iron_nugget":15,"minecraft:poppy":7,"minecraft:light_gray_wool":62,"supplementaries:rope":9,"minecraft:chest":19,"minecraft:egg":22,"minecraft:raw_iron":313,"minecraft:sandstone":15,"minecraft:stone":45,"minecraft:copper_ingot":1,"minecraft:bowl":1,"magistuarmory:rustedbarbute":1,"minecraft:stone_button":1,"minecraft:carrot":63,"minecraft:redstone":64,"minecraft:arrow":16,"minecraft:beetroot_seeds":192,"minecraft:shears":1,"minecraft:hay_block":174,"minecraft:gold_ingot":3,"minecraft:glow_berries":40,"minecraft:mutton":39,"minecraft:rail":138,"minecraft:skeleton_skull":1,"minecraft:white_wool":70,"minecraft:oxeye_daisy":2,"minecraft:stripped_oak_log":599,"minecraft:leather":9,"minecraft:oak_log":680,"minecraft:cobblestone_wall":5,"minecraft:cobbled_deepslate_stairs":4,"minecraft:gunpowder":4,"minecraft:heart_pottery_sherd":1,"tombstone:gift":4,"minecraft:cooked_mutton":1,"minecraft:apple":11,"minecraft:kelp":5,"mowziesmobs:foliaath_seed":2,"minecraft:rabbit_hide":1,"minecraft:iron_ingot":97,"tombstone:tablet_of_guard":1,"minecraft:cooked_chicken":1,"tombstone:bag_of_seeds":3,"minecraft:iron_sword":3,"minecraft:oak_slab":25,"minecraft:smooth_basalt":1,"minecraft:pumpkin":4,"magistuarmory:rustedchainmail_chestplate":1,"minecraft:stone_brick_slab":1,"minecraft:dandelion":71,"minecraft:gravel":97,"minecraft:amethyst_shard":64,"minecraft:white_bed":30,"magistuarmory:rustedchainmail_leggings":1,"minecraft:pumpkin_seeds":2,"minecraft:stone_axe":1,"minecraft:gray_wool":49,"minecraft:melon_seeds":6,"minecraft:black_wool":776,"minecraft:coal":484},"minecraft:mined":{"minecraft:white_bed":28,"minecraft:farmland":11,"minecraft:cobbled_deepslate_stairs":4,"minecraft:jungle_leaves":9,"minecraft:granite":29,"minecraft:budding_amethyst":2,"minecraft:acacia_log":2,"minecraft:grass_block":2616,"minecraft:light_gray_bed":1,"minecraft:jungle_log":92,"minecraft:oak_wall_sign":2,"minecraft:oxeye_daisy":1,"minecraft:tall_seagrass":2,"minecraft:glowstone":5,"minecraft:iron_ore":208,"minecraft:cobbled_deepslate":110,"minecraft:fire":2,"minecraft:pumpkin":4,"minecraft:deepslate_lapis_ore":6,"minecraft:oak_sign":1,"minecraft:dirt_path":2,"minecraft:birch_wall_sign":3,"minecraft:deepslate_redstone_ore":12,"minecraft:sandstone_slab":11,"minecraft:cut_sandstone":1,"minecraft:melon_stem":1,"minecraft:amethyst_cluster":16,"minecraft:torch":12,"minecraft:melon":63,"minecraft:poppy":5,"minecraft:chest":19,"minecraft:dead_bush":2,"minecraft:glass":2,"minecraft:cobblestone":60,"minecraft:oak_planks":36,"minecraft:sugar_cane":2,"minecraft:wall_torch":7,"minecraft:amethyst_block":36,"minecraft:deepslate_copper_ore":1,"minecraft:skeleton_skull":1,"minecraft:seagrass":7,"minecraft:chain":2,"minecraft:jungle_wood":59,"minecraft:wheat":281,"minecraft:grass":1172,"minecraft:oak_log":284,"minecraft:beetroots":63,"minecraft:sand":290,"minecraft:dirt":1171,"minecraft:smooth_basalt":2,"minecraft:raw_copper_block":1,"minecraft:oak_leaves":63,"minecraft:deepslate":531,"minecraft:tuff":25,"iceandfire:silver_ore":7,"minecraft:deepslate_diamond_ore":7,"minecraft:glow_lichen":2,"minecraft:jungle_planks":6,"iceandfire:deepslate_silver_ore":4,"minecraft:sandstone":22,"minecraft:hay_block":90,"minecraft:redstone_ore":6,"minecraft:furnace":7,"minecraft:carrots":19,"supplementaries:flax":4,"minecraft:chiseled_sandstone":2,"minecraft:andesite":59,"minecraft:potatoes":90,"minecraft:deepslate_iron_ore":74,"minecraft:vine":36,"minecraft:rail":3,"minecraft:stripped_oak_log":528,"minecraft:stone":1068,"minecraft:oak_slab":18,"minecraft:scaffolding":3,"minecraft:glass_pane":12,"minecraft:stone_brick_slab":1,"minecraft:dandelion":33,"minecraft:oak_fence":8,"minecraft:smooth_sandstone":2,"minecraft:crafting_table":4,"minecraft:cornflower":2,"minecraft:cobbled_deepslate_wall":11,"minecraft:copper_ore":32,"minecraft:tall_grass":62,"minecraft:lapis_ore":27,"minecraft:deepslate_gold_ore":40,"minecraft:diorite":45,"supplementaries:urn":26,"minecraft:cactus":5,"minecraft:cobblestone_wall":5,"minecraft:black_wool":2,"minecraft:coal_ore":219,"minecraft:gravel":118,"minecraft:cobweb":11,"minecraft:cracked_stone_bricks":2,"minecraft:stone_bricks":1,"minecraft:mossy_stone_bricks":2,"minecraft:gold_ore":8,"minecraft:birch_fence":20,"minecraft:fern":45}},"DataVersion":3465}