{"stats":{"minecraft:dropped":{"minecraft:iron_sword":20,"iceandfire:raw_silver":2,"minecraft:lapis_lazuli":41,"minecraft:cooked_beef":15,"minecraft:diamond":1,"minecraft:spore_blossom":1,"minecraft:crafting_table":2,"minecraft:glow_berries":9,"minecraft:cracked_stone_bricks":8,"minecraft:rail":52,"minecraft:leather_helmet":2,"minecraft:red_carpet":4,"minecraft:item_frame":1,"minecraft:emerald":12,"minecraft:dirt":432,"minecraft:birch_fence":11,"alexsmobs:roadrunner_feather":1,"magistuarmory:rusted_bastardsword":11,"minecraft:wooden_sword":6,"minecraft:gold_nugget":7,"minecraft:bone_meal":1,"minecraft:sand":49,"minecraft:sugar":1,"minecraft:iron_pickaxe":22,"magistuarmory:corruptedroundshield":17,"minecraft:dark_oak_planks":4,"minecraft:fishing_rod":3,"minecraft:white_wool":31,"minecraft:bone":109,"magistuarmory:rustedchainmail_leggings":24,"minecraft:stone_axe":2,"minecraft:sugar_cane":7,"minecraft:compass":1,"minecraft:iron_nugget":17,"minecraft:golden_chestplate":1,"minecraft:detector_rail":3,"minecraft:cobbled_deepslate":895,"minecraft:black_carpet":1,"minecraft:birch_sapling":11,"minecraft:wheat":60,"iceandfire:sea_serpent_scales_deepblue":9,"tombstone:gift":4,"minecraft:rotten_flesh":819,"wardrobe:ocelot_skin":1,"minecraft:oak_planks":38,"minecraft:birch_wood":6,"minecraft:light_gray_carpet":12,"minecraft:azure_bluet":6,"minecraft:white_bed":5,"alexsmobs:blood_sac":2,"iceandfire:ghost_chest":3,"minecraft:quartz_block":26,"minecraft:leather_boots":3,"minecraft:ladder":16,"minecraft:leather_leggings":10,"minecraft:glass":65,"iceandfire:sea_serpent_scales_blue":4,"minecraft:beef":6,"minecraft:warped_wart_block":2,"iceandfire:manuscript":11,"minecraft:egg":19,"minecraft:enchanted_book":1,"minecraft:golden_boots":1,"minecraft:iron_ingot":91,"minecraft:black_dye":1,"minecraft:wheat_seeds":1209,"minecraft:cobbled_deepslate_stairs":35,"minecraft:iron_helmet":9,"minecraft:oak_fence":5,"minecraft:feather":1,"minecraft:cobblestone":992,"minecraft:book":3,"mowziesmobs:umvuthana_mask_fear":1,"minecraft:apple":14,"minecraft:granite":49,"minecraft:coal":53,"minecraft:golden_apple":4,"magistuarmory:rustedcrusader_boots":6,"minecraft:oxeye_daisy":1,"minecraft:cobweb":8,"minecraft:diamond_helmet":1,"minecraft:lime_carpet":5,"minecraft:smooth_stone":3,"magistuarmory:rustedbarbute":7,"minecraft:iron_shovel":5,"minecraft:paper":1,"minecraft:string":13,"minecraft:blue_carpet":12,"minecraft:lily_pad":9,"minecraft:stone_brick_slab":1,"minecraft:stone_sword":3,"minecraft:bowl":1,"minecraft:deepslate":67,"minecraft:diamond_hoe":1,"minecraft:chicken":1,"minecraft:white_carpet":12,"iceandfire:troll_leather_forest":5,"minecraft:clay_ball":12,"minecraft:iron_boots":8,"magistuarmory:rusted_heavymace":9,"minecraft:cobbled_deepslate_slab":6,"minecraft:orange_wool":2,"minecraft:diamond_sword":2,"minecraft:stone":31,"minecraft:bundle":4,"iceandfire:silver_ingot":1,"minecraft:barrel":1,"minecraft:spider_eye":4,"minecraft:stone_bricks":1,"minecraft:sandstone":7,"minecraft:bow":6,"iceandfire:sea_serpent_fang":18,"minecraft:magma_block":3,"magistuarmory:maximilian_helmet":1,"minecraft:vex_armor_trim_smithing_template":1,"minecraft:black_wool":129,"minecraft:birch_planks":17,"minecraft:brown_mushroom":1,"minecraft:moss_block":7,"minecraft:dark_oak_stairs":5,"minecraft:oak_log":4,"minecraft:baked_potato":154,"magistuarmory:rustedcrusader_chestplate":9,"minecraft:sandstone_slab":11,"minecraft:lantern":1,"minecraft:chest_minecart":6,"minecraft:leather":14,"minecraft:jungle_planks":4,"minecraft:red_wool":2,"magistuarmory:rustednorman_helmet":8,"alexsmobs:bison_fur":4,"iceandfire:graveyard_soil":4,"minecraft:cod":6,"minecraft:cobblestone_stairs":1,"tombstone:bag_of_seeds":4,"minecraft:cornflower":6,"minecraft:mutton":2,"minecraft:crimson_roots":6,"minecraft:snowball":12,"minecraft:pumpkin_pie":1,"minecraft:amethyst_shard":27,"minecraft:birch_log":31,"minecraft:gravel":221,"minecraft:crimson_fungus":1,"minecraft:blackstone":20,"minecraft:mangrove_roots":1,"minecraft:beetroot":8,"minecraft:cooked_mutton":22,"minecraft:carrot":1,"minecraft:poppy":7,"minecraft:leather_chestplate":2,"minecraft:gunpowder":29,"minecraft:beetroot_seeds":20,"minecraft:melon_seeds":6,"minecraft:azalea":1,"minecraft:chest":6,"magistuarmory:rustedchainmail_chestplate":11,"minecraft:basalt":8,"minecraft:arrow":52,"magistuarmory:rustedchainmail_boots":10,"minecraft:quartz":3,"iceandfire:deathworm_chitin_yellow":6,"minecraft:oak_leaves":2,"minecraft:netherrack":98,"mowziesmobs:umvuthana_mask_fury":1,"minecraft:purple_carpet":4,"minecraft:water_bucket":1,"minecraft:bread":68,"minecraft:oak_slab":3,"minecraft:vine":1,"magistuarmory:rustedkettlehat":3,"minecraft:golden_helmet":1,"minecraft:mossy_cobblestone":11,"minecraft:poisonous_potato":15,"minecraft:mangrove_propagule":2,"minecraft:amethyst_block":32,"minecraft:copper_ingot":6,"minecraft:spruce_stairs":2,"magistuarmory:rustedgreathelm":7,"minecraft:stick":139,"minecraft:diorite":80,"tombstone:magic_scroll":9,"minecraft:torch":172,"tombstone:grave_key":10,"minecraft:melon_slice":113,"tombstone:grave_dust":30,"minecraft:iron_leggings":8,"minecraft:jungle_leaves":19,"minecraft:flowering_azalea":15,"minecraft:iron_axe":3,"minecraft:bucket":10,"minecraft:music_disc_cat":1,"minecraft:dandelion":72,"minecraft:smooth_basalt":102,"minecraft:redstone":117,"minecraft:nether_brick_slab":2,"minecraft:jungle_pressure_plate":1,"minecraft:kelp":6,"minecraft:raw_copper":39,"alexsmobs:tarantula_hawk_wing_fragment":2,"minecraft:tuff":142,"iceandfire:witherbone":4,"magistuarmory:rustedhalfarmor_chestplate":3,"minecraft:light_gray_wool":39,"minecraft:iron_hoe":2,"minecraft:stripped_oak_log":286,"minecraft:glass_pane":90,"mowziesmobs:glowing_jelly":1,"minecraft:shield":17,"magistuarmory:rustedchainmail_helmet":7,"minecraft:iron_chestplate":7,"minecraft:andesite":96,"minecraft:mossy_stone_bricks":2,"minecraft:light_gray_bed":2,"minecraft:golden_leggings":3,"minecraft:oak_sapling":67,"tombstone:essence_of_undeath":1,"minecraft:diamond_boots":1,"minecraft:stone_pickaxe":3,"minecraft:wooden_pickaxe":4,"minecraft:calcite":57},"minecraft:mined":{"minecraft:dark_oak_planks":26,"minecraft:blue_carpet":2,"minecraft:white_bed":60,"minecraft:jungle_leaves":34,"minecraft:obsidian":16,"minecraft:granite":56,"minecraft:acacia_log":2,"minecraft:stone_brick_wall":3,"minecraft:jungle_log":143,"minecraft:light_gray_bed":11,"minecraft:oak_pressure_plate":3,"minecraft:nether_wart":13,"minecraft:crimson_fungus":7,"minecraft:hopper":6,"minecraft:oak_wall_sign":16,"minecraft:oxeye_daisy":1,"minecraft:spawner":1,"minecraft:tall_seagrass":4,"minecraft:magma_block":9,"minecraft:dark_oak_trapdoor":2,"minecraft:cobbled_deepslate":256,"minecraft:fire":9,"minecraft:moss_carpet":2,"minecraft:pumpkin":13,"minecraft:deepslate_lapis_ore":15,"minecraft:fletching_table":1,"minecraft:nether_brick_stairs":1,"minecraft:enchanting_table":1,"minecraft:oak_sign":1,"iceandfire:gold_pile":3,"minecraft:cave_vines":9,"minecraft:dirt_path":2,"minecraft:oak_stairs":2,"minecraft:small_amethyst_bud":2,"minecraft:iron_block":1,"minecraft:sandstone_slab":11,"minecraft:cut_sandstone":1,"minecraft:crimson_nylium":49,"minecraft:amethyst_cluster":35,"minecraft:torch":34,"minecraft:melon":71,"minecraft:dead_bush":2,"minecraft:nether_brick_slab":5,"minecraft:glass":4,"minecraft:sugar_cane":85,"minecraft:amethyst_block":164,"minecraft:skeleton_skull":1,"minecraft:chain":2,"minecraft:jungle_wood":59,"minecraft:wheat":819,"minecraft:grass":1232,"minecraft:smooth_basalt":128,"minecraft:deepslate":1591,"minecraft:attached_pumpkin_stem":1,"iceandfire:silver_ore":7,"minecraft:mossy_cobblestone":20,"minecraft:dark_oak_log":44,"minecraft:nether_bricks":1,"minecraft:cobbled_deepslate_slab":13,"minecraft:dark_oak_fence":4,"minecraft:spruce_fence":1,"minecraft:jungle_planks":6,"minecraft:crimson_roots":20,"minecraft:redstone_wire":1,"iceandfire:deepslate_silver_ore":4,"minecraft:moss_block":18,"minecraft:redstone_ore":12,"minecraft:andesite":131,"minecraft:potatoes":706,"minecraft:vine":80,"minecraft:rail":4,"minecraft:white_wool":41,"minecraft:oak_slab":20,"minecraft:light_gray_carpet":4,"minecraft:glass_pane":16,"minecraft:soul_sand":19,"minecraft:hanging_roots":1,"minecraft:stone_brick_slab":1,"minecraft:dandelion":33,"minecraft:smooth_sandstone":2,"minecraft:cobbled_deepslate_wall":11,"minecraft:cornflower":2,"minecraft:emerald_ore":17,"minecraft:warped_roots":2,"minecraft:copper_ore":45,"minecraft:tall_grass":76,"minecraft:deepslate_gold_ore":64,"minecraft:diorite":156,"minecraft:big_dripleaf":1,"minecraft:warped_wart_block":2,"minecraft:coarse_dirt":1,"minecraft:light_blue_bed":2,"minecraft:cobblestone_wall":7,"minecraft:white_carpet":1,"minecraft:birch_leaves":16,"minecraft:mangrove_leaves":11,"minecraft:gravel":509,"minecraft:cobweb":15,"minecraft:stone_bricks":3,"minecraft:gold_ore":33,"minecraft:fern":48,"minecraft:large_amethyst_bud":1,"minecraft:spruce_planks":1,"minecraft:farmland":12,"minecraft:cobbled_deepslate_stairs":11,"minecraft:cobblestone_stairs":2,"minecraft:orange_wool":1,"minecraft:cave_vines_plant":11,"minecraft:budding_amethyst":17,"minecraft:grass_block":2991,"minecraft:smooth_stone":3,"minecraft:glowstone":44,"minecraft:iron_ore":767,"minecraft:dark_oak_stairs":3,"minecraft:flowering_azalea_leaves":4,"minecraft:iron_bars":2,"minecraft:birch_wall_sign":3,"minecraft:jungle_pressure_plate":1,"minecraft:azalea_leaves":9,"minecraft:azalea":1,"minecraft:deepslate_redstone_ore":48,"minecraft:blackstone":27,"minecraft:melon_stem":3,"minecraft:clay":9,"minecraft:calcite":104,"minecraft:poppy":5,"iceandfire:ghost_chest":4,"minecraft:chest":44,"minecraft:nether_quartz_ore":252,"minecraft:cobblestone":240,"minecraft:oak_planks":93,"minecraft:wall_torch":38,"minecraft:deepslate_copper_ore":1,"minecraft:seagrass":9,"minecraft:warped_nylium":1,"minecraft:nether_wart_block":2,"minecraft:birch_log":233,"minecraft:light_gray_wool":21,"minecraft:oak_log":791,"minecraft:beetroots":72,"minecraft:sand":473,"minecraft:dirt":1385,"minecraft:raw_copper_block":1,"minecraft:netherrack":381,"minecraft:oak_leaves":467,"iceandfire:lightning_lily":1,"minecraft:nether_gold_ore":3,"minecraft:diamond_ore":5,"minecraft:tuff":188,"minecraft:dark_oak_leaves":17,"minecraft:deepslate_diamond_ore":29,"minecraft:mangrove_roots":1,"minecraft:glow_lichen":3,"minecraft:ladder":3,"minecraft:weeping_vines":2,"minecraft:spruce_leaves":22,"minecraft:sandstone":26,"minecraft:mangrove_propagule":2,"minecraft:rooted_dirt":18,"minecraft:hay_block":120,"minecraft:spore_blossom":1,"minecraft:furnace":12,"minecraft:carrots":19,"minecraft:chiseled_sandstone":2,"minecraft:bookshelf":178,"minecraft:shroomlight":2,"minecraft:deepslate_iron_ore":249,"minecraft:lantern":2,"minecraft:stripped_oak_log":529,"minecraft:stone":2399,"minecraft:scaffolding":3,"minecraft:flowering_azalea":16,"minecraft:oak_fence":11,"minecraft:crafting_table":7,"minecraft:lime_carpet":1,"minecraft:deepslate_coal_ore":2,"minecraft:lapis_ore":59,"minecraft:lily_pad":1,"minecraft:spruce_stairs":4,"minecraft:birch_planks":6,"minecraft:cactus":5,"minecraft:black_wool":20,"minecraft:coal_ore":930,"minecraft:cocoa":4,"minecraft:gray_carpet":3,"minecraft:cracked_stone_bricks":3,"minecraft:small_dripleaf":4,"minecraft:mossy_stone_bricks":2,"minecraft:birch_fence":29},"minecraft:killed":{"alexsmobs:murmur":1,"minecraft:skeleton":74,"minecraft:chicken":45,"alexsmobs:straddler":8,"mowziesmobs:foliaath":1,"minecraft:tropical_fish":2,"minecraft:salmon":2,"minecraft:pillager":10,"minecraft:zombie":718,"iceandfire:sea_serpent":2,"minecraft:cow":32,"minecraft:evoker":2,"minecraft:vindicator":14,"alexsmobs:guster":5,"alexsmobs:catfish":2,"iceandfire:ghost":3,"minecraft:enderman":2,"alexsmobs:anaconda":1,"minecraft:spider":31,"minecraft:piglin":4,"minecraft:pig":16,"minecraft:zombie_villager":2,"alexsmobs:stradpole":5,"minecraft:creeper":26,"alexsmobs:crimson_mosquito":29,"alexsmobs:warped_toad":1,"minecraft:sheep":79,"mowziesmobs:umvuthana_raptor":1,"minecraft:blaze":6,"minecraft:vex":5,"alexsmobs:tarantula_hawk":2,"minecraft:slime":31,"minecraft:phantom":2,"alexsmobs:bison":1,"minecraft:drowned":97,"iceandfire:deathworm":2,"minecraft:hoglin":5,"minecraft:squid":19,"minecraft:wither_skeleton":7},"minecraft:custom":{"minecraft:interact_with_crafting_table":335,"minecraft:open_barrel":23,"minecraft:eat_cake_slice":11,"minecraft:leave_game":46,"minecraft:time_since_death":238139,"minecraft:damage_blocked_by_shield":20572,"minecraft:play_time":4020064,"minecraft:deaths":66,"minecraft:jump":33182,"minecraft:enchant_item":22,"minecraft:interact_with_furnace":512,"minecraft:traded_with_villager":5,"minecraft:sleep_in_bed":125,"minecraft:damage_dealt":202034,"tombstone:undead_killed":904,"minecraft:interact_with_smoker":3,"minecraft:horse_one_cm":1062,"minecraft:interact_with_smithing_table":4,"minecraft:interact_with_anvil":25,"minecraft:inspect_hopper":26,"minecraft:sneak_time":75389,"minecraft:total_world_time":4020064,"tombstone:raider_killed":28,"minecraft:interact_with_stonecutter":1,"minecraft:time_since_rest":71939,"tombstone:cast_on_ally":2,"minecraft:swim_one_cm":454159,"minecraft:fly_one_cm":4573175,"minecraft:open_chest":1411,"minecraft:fish_caught":106,"minecraft:fall_one_cm":534527,"minecraft:animals_bred":401,"minecraft:damage_resisted":151,"minecraft:sprint_one_cm":8714369,"minecraft:drop":1278,"minecraft:talked_to_villager":102,"minecraft:walk_on_water_one_cm":796805,"minecraft:player_kills":1,"minecraft:crouch_one_cm":52849,"minecraft:mob_kills":1352,"minecraft:fill_cauldron":1,"minecraft:climb_one_cm":182942,"minecraft:walk_one_cm":13713499,"minecraft:walk_under_water_one_cm":386179,"minecraft:boat_one_cm":2199537,"minecraft:interact_with_grindstone":1,"minecraft:damage_taken":2147483647,"minecraft:damage_absorbed":342,"minecraft:trigger_trapped_chest":4},"minecraft:crafted":{"minecraft:black_dye":39,"minecraft:oak_sign":39,"minecraft:oak_pressure_plate":3,"minecraft:bookshelf":144,"minecraft:cooked_mutton":122,"minecraft:iron_bars":48,"minecraft:quartz_block":26,"minecraft:glass":329,"minecraft:diamond_helmet":2,"minecraft:diamond_leggings":2,"minecraft:melon_seeds":34,"minecraft:iron_door":3,"minecraft:black_wool":16,"minecraft:deepslate":97,"minecraft:emerald":1,"minecraft:cooked_porkchop":30,"minecraft:jungle_pressure_plate":1,"minecraft:copper_ingot":14,"minecraft:cobbled_deepslate_wall":126,"minecraft:light_gray_bed":2,"minecraft:compass":1,"minecraft:iron_pickaxe":34,"minecraft:iron_block":3,"minecraft:gold_ingot":105,"minecraft:stone_shovel":2,"minecraft:iron_nugget":180,"minecraft:bone_meal":237,"minecraft:lantern":22,"minecraft:ladder":108,"minecraft:stone_pickaxe":8,"minecraft:cobbled_deepslate_stairs":32,"minecraft:dark_oak_planks":176,"minecraft:wheat":828,"minecraft:enchanting_table":1,"minecraft:oak_fence_gate":3,"minecraft:golden_apple":13,"minecraft:flint":20,"minecraft:iron_shovel":17,"minecraft:iron_leggings":7,"minecraft:white_bed":8,"minecraft:oak_planks":2918,"minecraft:birch_wood":6,"minecraft:cooked_chicken":50,"minecraft:stone":716,"minecraft:hopper":8,"minecraft:iron_boots":7,"minecraft:chest":80,"minecraft:oak_button":6,"minecraft:stone_hoe":1,"minecraft:oak_fence":114,"minecraft:oak_slab":186,"minecraft:arrow":252,"minecraft:cauldron":1,"minecraft:crafting_table":29,"minecraft:iron_helmet":7,"minecraft:wooden_pickaxe":4,"minecraft:baked_potato":1605,"minecraft:birch_planks":148,"minecraft:pumpkin_seeds":20,"minecraft:iron_chestplate":7,"minecraft:book":29,"minecraft:paper":87,"minecraft:diamond_pickaxe":1,"minecraft:shield":16,"minecraft:stick":908,"minecraft:iron_ingot":1132,"minecraft:stone_sword":3,"minecraft:shears":3,"minecraft:wooden_sword":4,"minecraft:cobbled_deepslate_slab":18,"minecraft:fishing_rod":3,"minecraft:furnace":8,"minecraft:dark_oak_trapdoor":2,"minecraft:glass_pane":384,"minecraft:flint_and_steel":2,"minecraft:iron_axe":7,"minecraft:iron_hoe":3,"minecraft:cobblestone_wall":30,"minecraft:cooked_beef":65,"minecraft:cooked_cod":5,"minecraft:diamond_sword":3,"minecraft:iron_sword":27,"minecraft:cooked_salmon":3,"minecraft:bucket":10,"minecraft:stone_axe":1,"minecraft:bread":258,"minecraft:jungle_planks":572,"minecraft:oak_boat":4,"minecraft:jungle_door":3,"minecraft:white_wool":148,"minecraft:white_dye":148,"minecraft:anvil":1,"minecraft:acacia_planks":60,"minecraft:torch":948,"minecraft:diamond_chestplate":2},"minecraft:picked_up":{"minecraft:iron_chestplate":10,"minecraft:chainmail_boots":1,"minecraft:diamond_sword":3,"minecraft:oak_stairs":4,"minecraft:enchanted_book":9,"magistuarmory:barding":1,"minecraft:amethyst_block":134,"iceandfire:manuscript":7,"minecraft:music_disc_cat":2,"minecraft:string":36,"minecraft:dark_oak_trapdoor":1,"minecraft:pufferfish":11,"minecraft:shroomlight":2,"minecraft:beetroot":115,"minecraft:gold_nugget":301,"minecraft:cobbled_deepslate":2162,"minecraft:spruce_planks":1,"minecraft:melon_slice":369,"minecraft:big_dripleaf":2,"minecraft:acacia_log":7,"magistuarmory:rusted_heavymace":11,"magistuarmory:rustedcrusader_chestplate":6,"minecraft:stone_sword":3,"minecraft:lime_carpet":5,"minecraft:light_gray_bed":12,"minecraft:tropical_fish":4,"minecraft:vex_armor_trim_smithing_template":2,"iceandfire:deathworm_chitin_yellow":6,"minecraft:iron_block":1,"minecraft:blaze_rod":9,"minecraft:snowball":12,"minecraft:iron_bars":2,"minecraft:birch_log":295,"minecraft:magma_block":6,"minecraft:feather":62,"minecraft:cooked_beef":20,"magistuarmory:rustedchainmail_boots":8,"minecraft:iron_door":1,"minecraft:water_bucket":2,"minecraft:jungle_log":135,"minecraft:jungle_wood":58,"alexsmobs:bison_fur":6,"minecraft:flint":48,"minecraft:map":2,"minecraft:lantern":9,"tombstone:familiar_receptacle":3,"minecraft:purple_carpet":4,"minecraft:diamond_helmet":2,"minecraft:glowstone_dust":120,"minecraft:moss_block":9,"minecraft:warped_wart_block":2,"minecraft:birch_fence_gate":2,"wardrobe:ocelot_skin":2,"minecraft:ink_sac":41,"minecraft:dark_oak_log":44,"minecraft:bundle":15,"minecraft:iron_hoe":1,"minecraft:deepslate":1,"minecraft:writable_book":1,"minecraft:granite":82,"alexsmobs:tarantula_hawk_wing_fragment":3,"minecraft:golden_horse_armor":3,"minecraft:bread":166,"iceandfire:troll_leather_forest":5,"minecraft:rooted_dirt":1,"minecraft:light_gray_carpet":12,"minecraft:crimson_roots":25,"iceandfire:raw_silver":23,"minecraft:diamond_pickaxe":1,"minecraft:crafting_table":11,"minecraft:coarse_dirt":1,"minecraft:sandstone_slab":11,"minecraft:nether_wart":22,"iceandfire:witherbone":7,"minecraft:clay_ball":12,"minecraft:leather_leggings":9,"magistuarmory:maximilian_helmet":1,"iceandfire:sea_serpent_scales_blue":4,"minecraft:cornflower":6,"alexsmobs:cooked_catfish":2,"minecraft:compass":1,"minecraft:white_carpet":15,"minecraft:iron_shovel":2,"minecraft:glass_pane":13,"iceandfire:graveyard_soil":2,"minecraft:cracked_stone_bricks":7,"minecraft:beef":78,"minecraft:iron_nugget":64,"minecraft:poppy":7,"minecraft:chest":52,"minecraft:birch_sapling":12,"minecraft:egg":177,"minecraft:sandstone":19,"minecraft:stone":45,"magistuarmory:rustedbarbute":3,"minecraft:carrot":64,"minecraft:redstone":327,"minecraft:blue_carpet":12,"minecraft:beetroot_seeds":219,"minecraft:shears":1,"minecraft:diamond_boots":3,"minecraft:hay_block":204,"tombstone:essence_of_undeath":2,"minecraft:gold_ingot":3,"minecraft:totem_of_undying":2,"minecraft:glow_berries":49,"minecraft:mutton":115,"minecraft:white_wool":131,"minecraft:rail":163,"minecraft:oxeye_daisy":2,"minecraft:stripped_oak_log":648,"magistuarmory:rustedhalfarmor_chestplate":1,"iceandfire:sea_serpent_fang":18,"minecraft:tripwire_hook":1,"minecraft:filled_map":1,"minecraft:oak_log":1241,"minecraft:lily_pad":8,"minecraft:golden_boots":1,"minecraft:paper":1,"tombstone:gift":4,"minecraft:apple":29,"minecraft:stone_bricks":8,"minecraft:kelp":6,"mowziesmobs:foliaath_seed":3,"minecraft:spore_blossom":1,"tombstone:tablet_of_guard":2,"minecraft:cobweb":8,"tombstone:bag_of_seeds":6,"minecraft:iron_sword":15,"minecraft:flowering_azalea":15,"minecraft:dark_oak_stairs":5,"minecraft:smooth_basalt":251,"minecraft:red_wool":2,"minecraft:gravel":439,"magistuarmory:rustednorman_helmet":5,"magistuarmory:rustedchainmail_leggings":17,"minecraft:leather_helmet":2,"tombstone:scroll_of_true_sight":1,"minecraft:firework_rocket":1,"minecraft:slime_ball":17,"minecraft:stone_axe":1,"minecraft:gray_wool":53,"minecraft:oak_button":1,"mowziesmobs:umvuthana_mask_fear":2,"minecraft:baked_potato":54,"minecraft:melon_seeds":6,"minecraft:mangrove_propagule":2,"minecraft:hopper":10,"minecraft:ender_pearl":7,"minecraft:wheat":860,"minecraft:black_carpet":1,"tombstone:grave_key":5,"minecraft:raw_copper":269,"minecraft:iron_leggings":9,"minecraft:armor_stand":8,"minecraft:experience_bottle":7,"minecraft:zombie_head":4,"minecraft:oak_sign":19,"minecraft:activator_rail":12,"alexsmobs:blood_sac":17,"minecraft:tnt_minecart":1,"minecraft:smooth_stone":3,"minecraft:bucket":7,"minecraft:eye_armor_trim_smithing_template":1,"minecraft:calcite":124,"minecraft:azalea":1,"minecraft:iron_pickaxe":22,"alexsmobs:raccoon_tail":2,"minecraft:iron_boots":12,"minecraft:furnace":16,"tombstone:scroll_of_lightning_resistance":2,"minecraft:stick":301,"iceandfire:ghost_chest":5,"minecraft:jungle_door":4,"minecraft:oak_fence":124,"minecraft:torch":1105,"minecraft:spruce_stairs":3,"minecraft:porkchop":39,"iceandfire:rotten_egg":5,"tombstone:grave_dust":37,"minecraft:diorite":129,"minecraft:vine":1,"minecraft:rotten_flesh":317,"magistuarmory:maximilian_leggings":1,"alexsmobs:emu_egg":4,"minecraft:mangrove_roots":1,"minecraft:obsidian":29,"minecraft:cod":44,"minecraft:blaze_powder":2,"minecraft:cobblestone":2739,"minecraft:nautilus_shell":2,"minecraft:enchanting_table":1,"minecraft:leather_chestplate":2,"minecraft:jungle_pressure_plate":1,"minecraft:magma_cream":1,"minecraft:andesite":121,"minecraft:golden_leggings":3,"minecraft:potato":2279,"minecraft:tuff":257,"minecraft:lapis_lazuli":312,"minecraft:dirt":4666,"minecraft:name_tag":2,"minecraft:leather_boots":5,"minecraft:glass":179,"minecraft:bone":318,"minecraft:bow":22,"minecraft:wheat_seeds":2704,"minecraft:cobbled_deepslate_wall":11,"minecraft:raw_gold":106,"minecraft:cobbled_deepslate_slab":12,"minecraft:birch_wood":6,"minecraft:mossy_stone_bricks":3,"minecraft:fletching_table":1,"minecraft:bamboo":9,"minecraft:oak_planks":398,"minecraft:cooked_porkchop":11,"minecraft:music_disc_13":3,"minecraft:oak_pressure_plate":3,"minecraft:poisonous_potato":15,"minecraft:sand":545,"minecraft:jungle_planks":11,"magistuarmory:rustedgreathelm":3,"minecraft:chiseled_sandstone":2,"minecraft:orange_wool":2,"minecraft:mossy_cobblestone":21,"minecraft:jungle_leaves":19,"minecraft:sugar":1,"minecraft:diamond":109,"magistuarmory:corruptedroundshield":8,"minecraft:crossbow":1,"minecraft:bone_meal":2,"minecraft:golden_apple":1,"minecraft:emerald":212,"minecraft:oak_sapling":79,"minecraft:netherrack":371,"minecraft:oak_leaves":87,"minecraft:fishing_rod":3,"minecraft:cocoa_beans":66,"minecraft:azure_bluet":6,"minecraft:chicken":50,"minecraft:ladder":12,"minecraft:chest_minecart":8,"minecraft:wooden_pickaxe":2,"alexsmobs:roadrunner_feather":1,"minecraft:stone_brick_wall":5,"mowziesmobs:glowing_jelly":1,"minecraft:chain":4,"minecraft:shield":7,"minecraft:iron_axe":7,"minecraft:wooden_sword":2,"minecraft:item_frame":17,"minecraft:birch_fence":33,"minecraft:blackstone":20,"minecraft:detector_rail":9,"tombstone:scroll_of_unstable_intangibility":2,"minecraft:oak_boat":5,"minecraft:light_gray_wool":77,"minecraft:sugar_cane":146,"minecraft:phantom_membrane":2,"minecraft:raw_iron":1079,"minecraft:copper_ingot":2,"minecraft:bowl":2,"minecraft:stone_button":6,"minecraft:light_blue_bed":1,"minecraft:dark_oak_planks":87,"iceandfire:silver_ingot":2,"minecraft:arrow":223,"minecraft:pumpkin_pie":2,"minecraft:skeleton_skull":3,"mowziesmobs:umvuthana_mask_fury":1,"minecraft:basalt":8,"minecraft:salmon":22,"minecraft:leather":57,"minecraft:birch_planks":67,"minecraft:crimson_fungus":5,"minecraft:chainmail_chestplate":1,"iceandfire:ectoplasm":4,"minecraft:cobblestone_wall":5,"minecraft:nether_wart_block":2,"minecraft:cobbled_deepslate_stairs":36,"minecraft:gunpowder":51,"minecraft:cobblestone_stairs":2,"minecraft:heart_pottery_sherd":3,"minecraft:cooked_mutton":26,"minecraft:red_carpet":12,"minecraft:gray_carpet":4,"magistuarmory:steel_flamebladedsword":1,"minecraft:rabbit_hide":2,"minecraft:iron_ingot":195,"minecraft:cooked_chicken":1,"iceandfire:sea_serpent_scales_deepblue":9,"minecraft:acacia_sapling":5,"minecraft:soul_sand":19,"minecraft:book":520,"minecraft:oak_slab":27,"minecraft:pumpkin":13,"magistuarmory:rustedchainmail_chestplate":5,"minecraft:stone_brick_slab":1,"minecraft:quartz":224,"minecraft:dandelion":73,"minecraft:lava_bucket":1,"minecraft:amethyst_shard":229,"minecraft:white_bed":64,"minecraft:nether_brick_slab":2,"minecraft:spider_eye":7,"magistuarmory:gothic_chestplate":1,"magistuarmory:rustedchainmail_helmet":7,"minecraft:pumpkin_seeds":3,"magistuarmory:rusted_bastardsword":4,"magistuarmory:rustedcrusader_boots":1,"minecraft:iron_helmet":10,"tombstone:magic_scroll":16,"minecraft:black_wool":1197,"minecraft:coal":1186},"minecraft:broken":{"minecraft:shears":1,"minecraft:iron_boots":4,"minecraft:iron_chestplate":2,"minecraft:iron_leggings":2,"magistuarmory:rusted_heavymace":1,"minecraft:iron_sword":9,"minecraft:fishing_rod":1,"minecraft:iron_hoe":1,"minecraft:stone_sword":2,"minecraft:stone_hoe":1,"minecraft:wooden_pickaxe":2,"minecraft:shield":2,"minecraft:iron_axe":8,"minecraft:iron_pickaxe":26,"minecraft:iron_helmet":5,"mowziesmobs:umvuthana_mask_fear":1,"minecraft:iron_shovel":16,"minecraft:stone_pickaxe":5,"minecraft:stone_shovel":2},"minecraft:killed_by":{"minecraft:pillager":1,"minecraft:zombie":12,"minecraft:vex":1,"alexsmobs:giant_squid":2,"iceandfire:ghost":4,"minecraft:creeper":9,"alexsmobs:murmur_head":2,"minecraft:piglin":1,"alexsmobs:crocodile":1,"iceandfire:fire_dragon":4,"minecraft:enderman":2,"iceandfire:gorgon":1,"minecraft:hoglin":1,"minecraft:skeleton":19,"alexsmobs:crimson_mosquito":2},"minecraft:used":{"minecraft:moss_block":2,"minecraft:beetroot":24,"minecraft:ladder":104,"minecraft:chest":107,"minecraft:stone":214,"minecraft:soul_sand":1,"minecraft:lava_bucket":5,"iceandfire:ghost_chest":2,"minecraft:bow":342,"minecraft:oak_sapling":1,"minecraft:cooked_cod":5,"minecraft:furnace":24,"minecraft:egg":152,"minecraft:potato":811,"magistuarmory:rustedchainmail_leggings":1,"minecraft:diorite":2,"minecraft:mossy_stone_bricks":1,"minecraft:wooden_pickaxe":116,"minecraft:jungle_pressure_plate":1,"minecraft:glow_berries":40,"minecraft:golden_apple":5,"minecraft:dark_oak_trapdoor":2,"minecraft:sand":18,"minecraft:pumpkin_seeds":22,"minecraft:birch_fence":8,"minecraft:stone_button":1,"minecraft:oak_pressure_plate":3,"minecraft:diamond_sword":1094,"minecraft:wooden_sword":40,"minecraft:oak_boat":7,"minecraft:iron_bars":20,"minecraft:stone_sword":258,"minecraft:enchanting_table":2,"minecraft:cooked_salmon":1,"minecraft:netherrack":94,"minecraft:torch":1675,"minecraft:anvil":1,"minecraft:oak_fence_gate":3,"minecraft:iron_axe":2290,"minecraft:rooted_dirt":1,"minecraft:jungle_log":8,"minecraft:melon_seeds":34,"minecraft:smooth_basalt":105,"tombstone:gift":4,"minecraft:cobbled_deepslate":943,"minecraft:calcite":67,"minecraft:wheat_seeds":949,"minecraft:water_bucket":141,"minecraft:birch_planks":64,"minecraft:cauldron":1,"minecraft:mossy_cobblestone":10,"minecraft:oak_slab":142,"minecraft:crafting_table":37,"minecraft:white_bed":62,"minecraft:oak_log":10,"minecraft:diamond_pickaxe":22,"minecraft:iron_pickaxe":8336,"minecraft:oak_button":7,"tombstone:magic_scroll":2,"minecraft:cobblestone":1004,"minecraft:cooked_porkchop":39,"minecraft:glass_pane":260,"minecraft:stripped_oak_log":157,"minecraft:dandelion":1,"magistuarmory:rusted_heavymace":9,"minecraft:iron_shovel":4496,"minecraft:oak_sign":52,"minecraft:shield":330,"minecraft:iron_sword":4307,"minecraft:iron_chestplate":2,"minecraft:jungle_planks":171,"minecraft:carrot":3,"minecraft:tuff":105,"minecraft:obsidian":18,"minecraft:glass":67,"minecraft:lantern":30,"minecraft:light_blue_bed":1,"minecraft:magma_block":3,"minecraft:beetroot_seeds":85,"minecraft:stone_pickaxe":648,"minecraft:oak_planks":986,"minecraft:sandstone":12,"minecraft:sugar_cane":49,"minecraft:white_wool":212,"minecraft:shears":130,"minecraft:cobbled_deepslate_stairs":33,"minecraft:birch_fence_gate":2,"minecraft:melon_slice":231,"minecraft:bread":208,"minecraft:deepslate":31,"minecraft:iron_door":3,"minecraft:gravel":128,"minecraft:andesite":35,"minecraft:coarse_dirt":1,"minecraft:bone_meal":27,"minecraft:experience_bottle":8,"minecraft:oak_fence":201,"minecraft:flint_and_steel":2,"minecraft:stone_shovel":262,"minecraft:redstone":1,"minecraft:stone_hoe":174,"minecraft:cooked_chicken":24,"minecraft:dirt":3516,"minecraft:hopper":18,"minecraft:spruce_stairs":1,"minecraft:cobblestone_wall":5,"minecraft:granite":21,"minecraft:iron_hoe":571,"minecraft:bookshelf":146,"minecraft:light_gray_wool":8,"minecraft:cooked_beef":20,"minecraft:enchanted_golden_apple":1,"minecraft:light_gray_bed":12,"minecraft:cobbled_deepslate_wall":85,"minecraft:cooked_mutton":60,"minecraft:amethyst_block":2,"minecraft:baked_potato":450,"tombstone:bag_of_seeds":2,"minecraft:black_wool":5,"minecraft:apple":1,"minecraft:map":1,"minecraft:stone_axe":67,"minecraft:fishing_rod":222,"minecraft:crimson_fungus":1,"minecraft:cobbled_deepslate_slab":24,"minecraft:jungle_door":2,"minecraft:bucket":146}},"DataVersion":3465}