{"stats":{"minecraft:broken":{"minecraft:iron_shovel":14,"minecraft:iron_boots":1,"minecraft:stone_pickaxe":5,"minecraft:iron_sword":3,"minecraft:fishing_rod":1,"minecraft:stone_shovel":2,"minecraft:iron_hoe":1,"minecraft:stone_sword":2,"minecraft:stone_hoe":1,"minecraft:wooden_pickaxe":2,"minecraft:shield":1,"minecraft:iron_axe":4,"minecraft:iron_pickaxe":14,"minecraft:iron_helmet":3},"minecraft:used":{"minecraft:beetroot":24,"magistuarmory:rusted_heavymace":5,"minecraft:iron_shovel":4064,"minecraft:oak_sign":42,"minecraft:shield":178,"minecraft:chest":50,"minecraft:stone":211,"minecraft:iron_sword":1408,"minecraft:iron_chestplate":1,"minecraft:jungle_planks":171,"minecraft:obsidian":18,"minecraft:tuff":22,"minecraft:glass":67,"minecraft:lava_bucket":2,"minecraft:lantern":30,"iceandfire:ghost_chest":2,"minecraft:magma_block":2,"minecraft:bow":33,"minecraft:beetroot_seeds":85,"minecraft:oak_sapling":1,"minecraft:cooked_cod":5,"minecraft:furnace":22,"minecraft:egg":12,"minecraft:potato":487,"minecraft:diorite":2,"minecraft:mossy_stone_bricks":1,"minecraft:oak_planks":907,"minecraft:stone_pickaxe":648,"minecraft:wooden_pickaxe":116,"minecraft:sandstone":12,"minecraft:sugar_cane":49,"minecraft:jungle_pressure_plate":1,"minecraft:glow_berries":40,"minecraft:golden_apple":1,"minecraft:sand":18,"minecraft:cobbled_deepslate_stairs":33,"minecraft:pumpkin_seeds":21,"minecraft:shears":2,"minecraft:birch_fence":8,"minecraft:birch_fence_gate":2,"minecraft:stone_button":1,"minecraft:melon_slice":231,"minecraft:bread":115,"minecraft:oak_pressure_plate":3,"minecraft:iron_door":2,"minecraft:gravel":12,"supplementaries:flax_seeds":10,"minecraft:wooden_sword":40,"minecraft:andesite":34,"minecraft:oak_boat":6,"minecraft:oak_fence":201,"minecraft:bone_meal":27,"minecraft:experience_bottle":2,"minecraft:iron_bars":20,"minecraft:stone_sword":258,"minecraft:enchanting_table":1,"minecraft:flint_and_steel":1,"minecraft:stone_shovel":262,"minecraft:cooked_salmon":1,"minecraft:stone_hoe":174,"minecraft:cooked_chicken":2,"minecraft:netherrack":19,"minecraft:dirt":3350,"minecraft:torch":664,"minecraft:cobblestone_wall":5,"minecraft:granite":7,"minecraft:oak_fence_gate":3,"minecraft:iron_hoe":571,"minecraft:bookshelf":109,"minecraft:iron_axe":1138,"minecraft:jungle_log":8,"minecraft:melon_seeds":34,"minecraft:light_gray_bed":1,"minecraft:enchanted_golden_apple":1,"minecraft:cooked_beef":11,"minecraft:cobbled_deepslate":210,"minecraft:cobbled_deepslate_wall":85,"minecraft:wheat_seeds":728,"minecraft:cooked_mutton":19,"minecraft:water_bucket":98,"minecraft:amethyst_block":2,"minecraft:baked_potato":123,"minecraft:oak_slab":113,"minecraft:crafting_table":23,"supplementaries:bomb":2,"minecraft:white_bed":43,"minecraft:oak_log":8,"minecraft:black_wool":2,"minecraft:diamond_pickaxe":21,"minecraft:apple":1,"minecraft:iron_pickaxe":4045,"minecraft:map":1,"minecraft:oak_button":4,"minecraft:stone_axe":67,"minecraft:fishing_rod":147,"minecraft:cobblestone":501,"minecraft:cooked_porkchop":30,"minecraft:jungle_door":2,"minecraft:bucket":102,"minecraft:glass_pane":260,"minecraft:dandelion":1,"minecraft:stripped_oak_log":149},"minecraft:custom":{"minecraft:animals_bred":240,"minecraft:interact_with_crafting_table":218,"minecraft:open_barrel":1,"minecraft:eat_cake_slice":8,"minecraft:leave_game":36,"minecraft:time_since_death":106614,"minecraft:damage_resisted":151,"minecraft:sprint_one_cm":4548902,"minecraft:damage_blocked_by_shield":10785,"minecraft:drop":609,"minecraft:talked_to_villager":20,"minecraft:play_time":2103613,"minecraft:deaths":30,"minecraft:jump":16018,"minecraft:walk_on_water_one_cm":372205,"minecraft:enchant_item":1,"minecraft:interact_with_furnace":347,"minecraft:sleep_in_bed":86,"minecraft:damage_dealt":43679,"minecraft:player_kills":1,"minecraft:crouch_one_cm":36209,"tombstone:undead_killed":138,"minecraft:interact_with_smithing_table":2,"minecraft:mob_kills":328,"minecraft:climb_one_cm":43890,"minecraft:walk_one_cm":7508913,"minecraft:sneak_time":6534,"minecraft:walk_under_water_one_cm":231608,"minecraft:boat_one_cm":1755276,"minecraft:total_world_time":2103613,"tombstone:raider_killed":3,"minecraft:interact_with_stonecutter":1,"minecraft:time_since_rest":9759,"minecraft:damage_absorbed":180,"minecraft:damage_taken":25016,"minecraft:trigger_trapped_chest":3,"minecraft:swim_one_cm":135705,"minecraft:fly_one_cm":2383423,"minecraft:open_chest":613,"minecraft:fish_caught":61,"minecraft:fall_one_cm":249172},"minecraft:dropped":{"minecraft:iron_sword":12,"minecraft:cooked_beef":15,"minecraft:oak_log":4,"minecraft:baked_potato":152,"minecraft:diamond":1,"magistuarmory:rustedcrusader_chestplate":4,"minecraft:sandstone_slab":11,"minecraft:lantern":1,"minecraft:leather":11,"minecraft:chest_minecart":6,"minecraft:jungle_planks":4,"minecraft:cracked_stone_bricks":5,"magistuarmory:rustednorman_helmet":2,"minecraft:rail":51,"alexsmobs:bison_fur":4,"minecraft:leather_helmet":2,"minecraft:cobblestone_stairs":1,"minecraft:emerald":7,"minecraft:cod":6,"minecraft:item_frame":1,"minecraft:dirt":326,"minecraft:birch_fence":10,"supplementaries:rope":4,"alexsmobs:roadrunner_feather":1,"minecraft:cornflower":6,"minecraft:gold_nugget":7,"supplementaries:flax":1,"minecraft:wooden_sword":6,"minecraft:pumpkin_pie":1,"minecraft:amethyst_shard":17,"minecraft:sand":43,"minecraft:iron_pickaxe":8,"magistuarmory:corruptedroundshield":4,"minecraft:fishing_rod":3,"minecraft:white_wool":19,"minecraft:bone":7,"magistuarmory:rustedchainmail_leggings":3,"minecraft:gravel":105,"minecraft:stone_axe":2,"minecraft:compass":1,"minecraft:sugar_cane":4,"minecraft:iron_nugget":17,"minecraft:detector_rail":3,"minecraft:cobbled_deepslate":399,"minecraft:wheat":26,"tombstone:gift":4,"minecraft:beetroot":8,"minecraft:rotten_flesh":165,"wardrobe:ocelot_skin":1,"minecraft:oak_planks":30,"minecraft:cooked_mutton":16,"minecraft:azure_bluet":6,"minecraft:white_bed":2,"minecraft:poppy":7,"minecraft:leather_chestplate":2,"supplementaries:flax_seeds":22,"iceandfire:ghost_chest":1,"minecraft:gunpowder":18,"minecraft:beetroot_seeds":16,"minecraft:melon_seeds":6,"minecraft:leather_boots":1,"magistuarmory:rustedchainmail_chestplate":3,"minecraft:leather_leggings":3,"minecraft:arrow":51,"minecraft:glass":65,"minecraft:beef":6,"minecraft:netherrack":36,"magistuarmory:rustedchainmail_boots":2,"iceandfire:deathworm_chitin_yellow":6,"minecraft:oak_leaves":2,"iceandfire:manuscript":6,"minecraft:egg":1,"minecraft:water_bucket":1,"minecraft:iron_ingot":28,"minecraft:bread":31,"minecraft:oak_slab":3,"minecraft:black_dye":1,"minecraft:wheat_seeds":589,"minecraft:cobbled_deepslate_stairs":35,"minecraft:mossy_cobblestone":1,"minecraft:poisonous_potato":5,"minecraft:feather":1,"minecraft:oak_fence":4,"minecraft:iron_helmet":3,"minecraft:cobblestone":905,"minecraft:amethyst_block":8,"minecraft:apple":8,"minecraft:granite":36,"minecraft:spruce_stairs":2,"minecraft:coal":43,"minecraft:stick":67,"minecraft:oxeye_daisy":1,"minecraft:diorite":20,"minecraft:torch":83,"tombstone:grave_key":8,"minecraft:melon_slice":113,"tombstone:grave_dust":3,"minecraft:iron_leggings":6,"minecraft:iron_axe":1,"magistuarmory:rustedbarbute":1,"minecraft:smooth_stone":3,"minecraft:iron_shovel":5,"minecraft:string":9,"minecraft:stone_brick_slab":1,"minecraft:dandelion":71,"minecraft:jungle_pressure_plate":1,"minecraft:kelp":5,"minecraft:stone_sword":3,"minecraft:raw_copper":21,"minecraft:deepslate":1,"minecraft:tuff":9,"minecraft:chicken":1,"minecraft:light_gray_wool":39,"minecraft:iron_boots":5,"minecraft:iron_hoe":2,"minecraft:stripped_oak_log":256,"magistuarmory:rusted_heavymace":1,"minecraft:glass_pane":90,"minecraft:stone":31,"minecraft:shield":6,"magistuarmory:rustedchainmail_helmet":3,"minecraft:bundle":2,"minecraft:iron_chestplate":4,"minecraft:andesite":49,"minecraft:mossy_stone_bricks":2,"minecraft:light_gray_bed":2,"minecraft:oak_sapling":13,"minecraft:stone_bricks":1,"minecraft:sandstone":3,"minecraft:bow":5,"minecraft:stone_pickaxe":3,"minecraft:wooden_pickaxe":4,"minecraft:calcite":2,"minecraft:black_wool":129},"minecraft:killed":{"minecraft:spider":14,"minecraft:skeleton":32,"minecraft:chicken":11,"mowziesmobs:foliaath":1,"minecraft:pig":15,"minecraft:zombie_villager":2,"minecraft:salmon":2,"minecraft:creeper":9,"alexsmobs:crimson_mosquito":1,"minecraft:sheep":68,"minecraft:pillager":3,"minecraft:zombie":100,"minecraft:cow":32,"alexsmobs:tarantula_hawk":1,"alexsmobs:bison":1,"minecraft:drowned":3,"iceandfire:deathworm":2,"alexsmobs:guster":5,"minecraft:squid":19,"alexsmobs:catfish":1,"iceandfire:ghost":1},"minecraft:picked_up":{"minecraft:iron_chestplate":5,"minecraft:wheat":563,"supplementaries:bomb_blue":4,"minecraft:enchanted_book":3,"tombstone:grave_key":4,"minecraft:amethyst_block":82,"minecraft:music_disc_cat":1,"iceandfire:manuscript":2,"minecraft:string":32,"minecraft:raw_copper":223,"minecraft:iron_leggings":6,"minecraft:armor_stand":7,"minecraft:pufferfish":4,"minecraft:experience_bottle":2,"minecraft:oak_sign":7,"minecraft:beetroot":115,"minecraft:tnt_minecart":1,"minecraft:activator_rail":12,"minecraft:smooth_stone":3,"minecraft:gold_nugget":242,"minecraft:cobbled_deepslate":725,"minecraft:bucket":2,"minecraft:spruce_planks":1,"minecraft:eye_armor_trim_smithing_template":1,"minecraft:calcite":2,"minecraft:iron_pickaxe":7,"alexsmobs:raccoon_tail":2,"minecraft:melon_slice":369,"minecraft:iron_boots":8,"minecraft:furnace":15,"tombstone:scroll_of_lightning_resistance":2,"minecraft:stick":103,"iceandfire:ghost_chest":3,"minecraft:jungle_door":4,"minecraft:oak_fence":122,"minecraft:torch":250,"minecraft:acacia_log":2,"minecraft:spruce_stairs":2,"magistuarmory:rusted_heavymace":5,"minecraft:porkchop":30,"iceandfire:rotten_egg":3,"tombstone:grave_dust":12,"minecraft:diorite":22,"supplementaries:flax":9,"magistuarmory:rustedcrusader_chestplate":4,"minecraft:stone_sword":3,"minecraft:light_gray_bed":2,"minecraft:rotten_flesh":166,"minecraft:tropical_fish":1,"iceandfire:deathworm_chitin_yellow":6,"supplementaries:antique_ink":19,"minecraft:iron_block":1,"supplementaries:ash":84,"minecraft:obsidian":29,"minecraft:iron_bars":2,"minecraft:cod":21,"minecraft:cobblestone":2155,"minecraft:magma_block":2,"minecraft:andesite":83,"minecraft:leather_chestplate":2,"minecraft:jungle_pressure_plate":1,"minecraft:feather":17,"minecraft:cooked_beef":11,"magistuarmory:rustedchainmail_boots":2,"minecraft:iron_door":1,"minecraft:jungle_log":92,"minecraft:golden_leggings":1,"minecraft:jungle_wood":58,"minecraft:potato":1156,"alexsmobs:bison_fur":6,"minecraft:flint":13,"minecraft:tuff":31,"supplementaries:flax_seeds":31,"tombstone:familiar_receptacle":3,"minecraft:lapis_lazuli":207,"minecraft:map":1,"minecraft:dirt":4391,"minecraft:lantern":9,"minecraft:name_tag":2,"minecraft:leather_boots":3,"minecraft:glass":179,"minecraft:bone":99,"minecraft:bow":17,"minecraft:cobbled_deepslate_wall":11,"minecraft:wheat_seeds":1873,"minecraft:raw_gold":88,"minecraft:mossy_stone_bricks":3,"minecraft:diamond_helmet":1,"minecraft:fletching_table":1,"minecraft:bamboo":9,"minecraft:glowstone_dust":70,"minecraft:oak_planks":287,"minecraft:music_disc_13":1,"minecraft:poisonous_potato":5,"minecraft:oak_pressure_plate":3,"minecraft:birch_fence_gate":2,"wardrobe:ocelot_skin":2,"minecraft:jungle_planks":11,"minecraft:sand":539,"minecraft:ink_sac":41,"minecraft:chiseled_sandstone":2,"minecraft:mossy_cobblestone":1,"minecraft:bundle":5,"minecraft:iron_hoe":1,"minecraft:diamond":8,"minecraft:writable_book":1,"magistuarmory:corruptedroundshield":5,"minecraft:granite":43,"alexsmobs:tarantula_hawk_wing_fragment":1,"minecraft:bone_meal":1,"minecraft:golden_apple":1,"minecraft:bread":103,"minecraft:golden_horse_armor":3,"minecraft:emerald":58,"minecraft:oak_sapling":14,"minecraft:netherrack":245,"iceandfire:raw_silver":21,"minecraft:oak_leaves":2,"minecraft:crimson_roots":5,"minecraft:diamond_pickaxe":1,"minecraft:fishing_rod":3,"minecraft:cocoa_beans":63,"minecraft:crafting_table":5,"minecraft:sandstone_slab":11,"minecraft:azure_bluet":6,"minecraft:chicken":11,"minecraft:chest_minecart":8,"minecraft:leather_leggings":3,"minecraft:wooden_pickaxe":2,"alexsmobs:roadrunner_feather":1,"minecraft:chain":4,"minecraft:cornflower":6,"minecraft:iron_axe":4,"minecraft:wooden_sword":2,"minecraft:item_frame":5,"minecraft:compass":1,"minecraft:iron_shovel":2,"minecraft:birch_fence":32,"minecraft:glass_pane":13,"supplementaries:bomb":2,"minecraft:cracked_stone_bricks":5,"minecraft:detector_rail":9,"tombstone:scroll_of_unstable_intangibility":2,"minecraft:beef":78,"minecraft:oak_boat":4,"minecraft:iron_nugget":64,"minecraft:poppy":7,"minecraft:light_gray_wool":69,"minecraft:sugar_cane":143,"minecraft:chest":27,"supplementaries:rope":18,"minecraft:egg":70,"minecraft:raw_iron":549,"minecraft:sandstone":15,"minecraft:stone":45,"minecraft:copper_ingot":1,"minecraft:bowl":1,"magistuarmory:rustedbarbute":1,"minecraft:stone_button":1,"minecraft:carrot":63,"minecraft:redstone":89,"iceandfire:silver_ingot":1,"minecraft:arrow":58,"minecraft:beetroot_seeds":215,"minecraft:pumpkin_pie":2,"minecraft:diamond_boots":3,"minecraft:shears":1,"minecraft:hay_block":204,"minecraft:gold_ingot":3,"tombstone:essence_of_undeath":1,"minecraft:glow_berries":40,"minecraft:mutton":113,"minecraft:rail":162,"minecraft:skeleton_skull":2,"minecraft:white_wool":74,"minecraft:oxeye_daisy":2,"minecraft:stripped_oak_log":600,"minecraft:tripwire_hook":1,"minecraft:salmon":11,"minecraft:leather":51,"minecraft:oak_log":699,"iceandfire:ectoplasm":4,"minecraft:cobbled_deepslate_stairs":36,"minecraft:cobblestone_wall":5,"minecraft:gunpowder":35,"minecraft:cobblestone_stairs":1,"minecraft:heart_pottery_sherd":3,"tombstone:gift":4,"minecraft:cooked_mutton":1,"minecraft:apple":19,"minecraft:stone_bricks":6,"minecraft:kelp":5,"mowziesmobs:foliaath_seed":2,"minecraft:rabbit_hide":2,"minecraft:iron_ingot":138,"tombstone:tablet_of_guard":2,"minecraft:cooked_chicken":1,"minecraft:cobweb":8,"tombstone:bag_of_seeds":3,"minecraft:iron_sword":6,"minecraft:book":338,"minecraft:oak_slab":25,"minecraft:smooth_basalt":1,"minecraft:pumpkin":13,"magistuarmory:rustedchainmail_chestplate":3,"minecraft:stone_brick_slab":1,"minecraft:quartz":94,"minecraft:dandelion":72,"minecraft:gravel":115,"minecraft:lava_bucket":1,"minecraft:amethyst_shard":209,"magistuarmory:rustednorman_helmet":2,"minecraft:white_bed":45,"magistuarmory:rustedchainmail_leggings":4,"minecraft:spider_eye":2,"minecraft:leather_helmet":2,"tombstone:scroll_of_true_sight":1,"minecraft:firework_rocket":1,"magistuarmory:rustedchainmail_helmet":5,"minecraft:pumpkin_seeds":2,"minecraft:stone_axe":1,"minecraft:iron_helmet":5,"minecraft:gray_wool":52,"minecraft:baked_potato":53,"tombstone:magic_scroll":3,"minecraft:black_wool":1023,"minecraft:melon_seeds":6,"minecraft:coal":833,"minecraft:ender_pearl":1},"minecraft:killed_by":{"minecraft:creeper":4,"minecraft:pillager":1,"minecraft:zombie":7,"minecraft:enderman":2,"minecraft:skeleton":15,"iceandfire:ghost":1},"minecraft:mined":{"minecraft:white_bed":42,"minecraft:farmland":12,"minecraft:cobbled_deepslate_stairs":11,"minecraft:cobblestone_stairs":1,"minecraft:jungle_leaves":9,"minecraft:obsidian":16,"minecraft:granite":36,"minecraft:budding_amethyst":3,"minecraft:acacia_log":2,"minecraft:grass_block":2933,"minecraft:light_gray_bed":1,"minecraft:jungle_log":94,"minecraft:oak_pressure_plate":3,"minecraft:oak_wall_sign":3,"minecraft:oxeye_daisy":1,"minecraft:smooth_stone":3,"minecraft:tall_seagrass":4,"minecraft:magma_block":3,"minecraft:glowstone":19,"minecraft:iron_ore":397,"minecraft:fire":2,"minecraft:cobbled_deepslate":111,"minecraft:pumpkin":13,"minecraft:deepslate_lapis_ore":6,"minecraft:fletching_table":1,"minecraft:oak_sign":1,"iceandfire:gold_pile":3,"minecraft:dirt_path":2,"minecraft:iron_bars":2,"minecraft:oak_stairs":1,"minecraft:birch_wall_sign":3,"minecraft:jungle_pressure_plate":1,"minecraft:iron_block":1,"minecraft:cut_sandstone":1,"minecraft:deepslate_redstone_ore":20,"minecraft:sandstone_slab":11,"minecraft:melon_stem":3,"minecraft:crimson_nylium":26,"minecraft:amethyst_cluster":32,"minecraft:torch":26,"minecraft:melon":71,"minecraft:calcite":3,"minecraft:poppy":5,"iceandfire:ghost_chest":3,"minecraft:chest":27,"minecraft:dead_bush":2,"minecraft:glass":2,"minecraft:cobblestone":126,"minecraft:nether_quartz_ore":117,"minecraft:oak_planks":69,"minecraft:sugar_cane":84,"minecraft:wall_torch":21,"minecraft:amethyst_block":38,"minecraft:deepslate_copper_ore":1,"minecraft:skeleton_skull":1,"minecraft:seagrass":9,"minecraft:chain":2,"minecraft:jungle_wood":59,"minecraft:wheat":576,"minecraft:grass":1192,"minecraft:oak_log":303,"minecraft:beetroots":72,"minecraft:sand":467,"minecraft:dirt":1223,"minecraft:smooth_basalt":4,"minecraft:raw_copper_block":1,"minecraft:netherrack":258,"minecraft:oak_leaves":75,"minecraft:deepslate":590,"minecraft:nether_gold_ore":3,"minecraft:tuff":31,"iceandfire:silver_ore":7,"minecraft:mossy_cobblestone":1,"minecraft:deepslate_diamond_ore":8,"minecraft:glow_lichen":2,"minecraft:jungle_planks":6,"minecraft:weeping_vines":1,"minecraft:crimson_roots":3,"iceandfire:deepslate_silver_ore":4,"minecraft:spruce_leaves":5,"minecraft:sandstone":22,"minecraft:hay_block":120,"minecraft:redstone_ore":6,"minecraft:furnace":11,"minecraft:carrots":19,"supplementaries:flax":4,"minecraft:chiseled_sandstone":2,"minecraft:andesite":71,"minecraft:bookshelf":118,"minecraft:potatoes":385,"minecraft:deepslate_iron_ore":123,"minecraft:vine":46,"minecraft:rail":3,"minecraft:lantern":2,"minecraft:stripped_oak_log":529,"minecraft:stone":1715,"minecraft:white_wool":3,"minecraft:oak_slab":18,"minecraft:scaffolding":3,"minecraft:glass_pane":14,"minecraft:dandelion":33,"minecraft:stone_brick_slab":1,"minecraft:oak_fence":11,"minecraft:smooth_sandstone":2,"minecraft:crafting_table":5,"minecraft:cornflower":2,"minecraft:cobbled_deepslate_wall":11,"minecraft:copper_ore":34,"minecraft:tall_grass":63,"minecraft:lapis_ore":27,"minecraft:deepslate_gold_ore":61,"minecraft:diorite":52,"supplementaries:urn":70,"minecraft:spruce_stairs":2,"minecraft:cactus":5,"minecraft:cobblestone_wall":5,"minecraft:birch_leaves":2,"minecraft:black_wool":14,"minecraft:coal_ore":586,"minecraft:cocoa":4,"minecraft:gravel":118,"minecraft:cobweb":11,"minecraft:cracked_stone_bricks":2,"minecraft:stone_bricks":1,"minecraft:mossy_stone_bricks":2,"minecraft:gold_ore":25,"minecraft:birch_fence":28,"minecraft:fern":47},"minecraft:crafted":{"minecraft:black_dye":39,"minecraft:oak_planks":2410,"minecraft:oak_sign":39,"minecraft:oak_pressure_plate":3,"minecraft:cooked_chicken":9,"minecraft:stone":716,"minecraft:bookshelf":109,"minecraft:cooked_mutton":122,"minecraft:iron_bars":48,"minecraft:glass":329,"minecraft:iron_boots":4,"minecraft:melon_seeds":34,"minecraft:chest":23,"minecraft:oak_button":4,"minecraft:iron_door":3,"minecraft:stone_hoe":1,"minecraft:black_wool":16,"minecraft:oak_fence":114,"minecraft:oak_slab":186,"minecraft:deepslate":1,"minecraft:arrow":56,"minecraft:cooked_porkchop":30,"minecraft:crafting_table":18,"minecraft:iron_helmet":4,"minecraft:wooden_pickaxe":4,"minecraft:baked_potato":485,"minecraft:jungle_pressure_plate":1,"minecraft:cobbled_deepslate_wall":126,"minecraft:copper_ingot":14,"minecraft:pumpkin_seeds":20,"minecraft:birch_planks":48,"minecraft:light_gray_bed":2,"minecraft:paper":87,"minecraft:iron_chestplate":4,"minecraft:book":29,"minecraft:shield":8,"minecraft:stick":388,"minecraft:iron_ingot":610,"minecraft:compass":1,"minecraft:iron_pickaxe":18,"minecraft:stone_sword":3,"minecraft:gold_ingot":105,"minecraft:shears":3,"minecraft:wooden_sword":4,"minecraft:stone_shovel":2,"minecraft:fishing_rod":1,"minecraft:iron_nugget":180,"minecraft:furnace":7,"minecraft:bone_meal":45,"minecraft:glass_pane":384,"minecraft:flint_and_steel":1,"minecraft:lantern":22,"minecraft:iron_axe":2,"minecraft:iron_hoe":3,"minecraft:stone_pickaxe":8,"minecraft:cobblestone_wall":30,"minecraft:cobbled_deepslate_stairs":32,"minecraft:wheat":828,"minecraft:cooked_beef":65,"minecraft:cooked_cod":5,"minecraft:enchanting_table":1,"minecraft:iron_sword":13,"minecraft:cooked_salmon":3,"minecraft:bucket":4,"minecraft:stone_axe":1,"minecraft:bread":251,"minecraft:jungle_planks":296,"minecraft:oak_fence_gate":3,"minecraft:oak_boat":3,"minecraft:jungle_door":3,"minecraft:golden_apple":13,"minecraft:iron_shovel":17,"minecraft:iron_leggings":4,"minecraft:white_bed":4,"minecraft:acacia_planks":8,"minecraft:torch":504}},"DataVersion":3465}