{"stats":{"minecraft:broken":{"minecraft:wooden_pickaxe":2,"minecraft:stone_pickaxe":5},"minecraft:used":{"minecraft:stone_sword":161,"minecraft:chest":4,"minecraft:cooked_chicken":1,"minecraft:stone_hoe":134,"minecraft:torch":64,"minecraft:dirt":110,"minecraft:jungle_planks":171,"minecraft:granite":7,"minecraft:jungle_log":8,"minecraft:melon_seeds":5,"minecraft:furnace":1,"minecraft:beetroot_seeds":3,"minecraft:cooked_beef":5,"minecraft:cobbled_deepslate":11,"minecraft:wheat_seeds":67,"minecraft:cooked_mutton":1,"minecraft:diorite":2,"minecraft:water_bucket":6,"minecraft:mossy_stone_bricks":1,"minecraft:stone_pickaxe":648,"minecraft:wooden_pickaxe":116,"minecraft:golden_apple":1,"minecraft:glow_berries":22,"minecraft:crafting_table":6,"minecraft:pumpkin_seeds":2,"minecraft:bread":2,"minecraft:iron_pickaxe":188,"minecraft:melon_slice":60,"minecraft:stone_axe":67,"minecraft:wooden_sword":40,"minecraft:cobblestone":166,"minecraft:andesite":22,"minecraft:jungle_door":2,"minecraft:bucket":6,"minecraft:dandelion":1},"minecraft:custom":{"minecraft:mob_kills":16,"minecraft:interact_with_crafting_table":31,"minecraft:leave_game":2,"minecraft:time_since_death":54293,"minecraft:climb_one_cm":10089,"minecraft:sprint_one_cm":676814,"minecraft:walk_one_cm":1124641,"minecraft:drop":119,"minecraft:play_time":301879,"minecraft:deaths":8,"minecraft:walk_under_water_one_cm":9851,"minecraft:jump":2671,"minecraft:walk_on_water_one_cm":52104,"minecraft:total_world_time":301879,"minecraft:interact_with_furnace":27,"minecraft:time_since_rest":51894,"minecraft:damage_taken":3460,"minecraft:damage_absorbed":20,"minecraft:damage_dealt":3293,"minecraft:player_kills":1,"minecraft:fly_one_cm":196829,"minecraft:open_chest":31,"tombstone:undead_killed":11,"minecraft:fall_one_cm":29558},"minecraft:dropped":{"minecraft:bread":8,"minecraft:iron_sword":1,"minecraft:oak_slab":3,"minecraft:cooked_beef":6,"magistuarmory:rustedcrusader_chestplate":3,"minecraft:oak_fence":4,"minecraft:iron_helmet":1,"minecraft:cobblestone":682,"minecraft:jungle_planks":1,"minecraft:chest_minecart":4,"minecraft:granite":25,"minecraft:cracked_stone_bricks":3,"minecraft:rail":12,"minecraft:coal":2,"minecraft:stick":2,"minecraft:dirt":219,"supplementaries:rope":4,"minecraft:diorite":8,"minecraft:torch":2,"tombstone:grave_key":4,"minecraft:melon_slice":71,"minecraft:iron_leggings":1,"minecraft:wooden_sword":6,"magistuarmory:corruptedroundshield":1,"minecraft:string":4,"minecraft:bone":2,"minecraft:gravel":3,"minecraft:stone_axe":2,"minecraft:detector_rail":3,"minecraft:stone_sword":3,"minecraft:cobbled_deepslate":7,"tombstone:gift":4,"wardrobe:ocelot_skin":1,"minecraft:rotten_flesh":21,"minecraft:oak_planks":10,"minecraft:iron_boots":1,"minecraft:iron_chestplate":1,"minecraft:andesite":24,"minecraft:melon_seeds":4,"minecraft:mossy_stone_bricks":1,"minecraft:wooden_pickaxe":4,"minecraft:stone_pickaxe":3,"magistuarmory:rustedchainmail_boots":2},"minecraft:killed":{"minecraft:skeleton":2,"minecraft:creeper":2,"minecraft:sheep":1,"minecraft:zombie":9,"minecraft:cow":2},"minecraft:picked_up":{"minecraft:cocoa_beans":9,"minecraft:wheat":31,"minecraft:chest_minecart":8,"minecraft:wooden_pickaxe":2,"minecraft:enchanted_book":1,"tombstone:grave_key":1,"minecraft:chain":2,"minecraft:string":3,"minecraft:raw_copper":123,"minecraft:wooden_sword":2,"minecraft:beetroot":3,"minecraft:activator_rail":6,"minecraft:cracked_stone_bricks":3,"minecraft:cobbled_deepslate":82,"minecraft:detector_rail":6,"minecraft:beef":4,"minecraft:iron_pickaxe":1,"minecraft:light_gray_wool":1,"minecraft:melon_slice":171,"supplementaries:rope":9,"minecraft:stick":9,"minecraft:raw_iron":137,"minecraft:oak_fence":4,"minecraft:torch":27,"minecraft:diorite":11,"minecraft:redstone":54,"magistuarmory:rustedcrusader_chestplate":3,"minecraft:stone_sword":2,"minecraft:arrow":6,"minecraft:rotten_flesh":21,"minecraft:beetroot_seeds":9,"minecraft:glow_berries":40,"minecraft:mutton":1,"minecraft:rail":24,"minecraft:cobblestone":825,"minecraft:feather":1,"minecraft:cooked_beef":5,"magistuarmory:rustedchainmail_boots":2,"minecraft:andesite":53,"minecraft:jungle_log":90,"minecraft:leather":6,"minecraft:flint":2,"minecraft:gunpowder":1,"minecraft:lapis_lazuli":171,"minecraft:dirt":259,"tombstone:familiar_receptacle":1,"tombstone:gift":4,"minecraft:name_tag":1,"minecraft:cooked_mutton":1,"minecraft:bone":10,"minecraft:bow":2,"minecraft:wheat_seeds":119,"minecraft:raw_gold":10,"minecraft:iron_ingot":6,"minecraft:cooked_chicken":1,"minecraft:mossy_stone_bricks":2,"minecraft:oak_planks":10,"minecraft:oak_slab":3,"minecraft:pumpkin":1,"minecraft:dandelion":1,"minecraft:gravel":3,"wardrobe:ocelot_skin":1,"minecraft:jungle_planks":6,"minecraft:sand":24,"minecraft:pumpkin_seeds":2,"minecraft:diamond":1,"minecraft:stone_axe":1,"magistuarmory:corruptedroundshield":1,"minecraft:granite":32,"minecraft:golden_apple":1,"minecraft:bread":8,"minecraft:melon_seeds":4,"minecraft:coal":64,"iceandfire:raw_silver":9},"minecraft:killed_by":{"minecraft:creeper":1,"minecraft:enderman":1,"minecraft:skeleton":5,"minecraft:zombie":1},"minecraft:mined":{"minecraft:tuff":1,"minecraft:farmland":1,"iceandfire:silver_ore":7,"minecraft:deepslate_diamond_ore":1,"minecraft:glow_lichen":2,"minecraft:granite":27,"minecraft:grass_block":107,"minecraft:jungle_planks":6,"minecraft:jungle_log":92,"iceandfire:deepslate_silver_ore":2,"minecraft:redstone_ore":6,"minecraft:iron_ore":112,"minecraft:cobbled_deepslate":2,"minecraft:andesite":46,"minecraft:pumpkin":1,"minecraft:deepslate_lapis_ore":3,"minecraft:deepslate_iron_ore":30,"minecraft:vine":30,"minecraft:rail":2,"minecraft:stone":366,"minecraft:deepslate_redstone_ore":5,"minecraft:dandelion":1,"minecraft:oak_fence":1,"minecraft:melon":32,"minecraft:copper_ore":29,"minecraft:cobblestone":32,"minecraft:deepslate_gold_ore":6,"minecraft:lapis_ore":27,"minecraft:oak_planks":5,"minecraft:diorite":40,"minecraft:deepslate_copper_ore":1,"minecraft:chain":2,"minecraft:wheat":37,"minecraft:grass":232,"minecraft:coal_ore":60,"minecraft:beetroots":3,"minecraft:gravel":2,"minecraft:sand":25,"minecraft:dirt":67,"minecraft:cracked_stone_bricks":2,"minecraft:mossy_stone_bricks":2,"minecraft:gold_ore":4,"minecraft:oak_leaves":2,"minecraft:deepslate":84,"minecraft:fern":44},"minecraft:crafted":{"minecraft:wooden_sword":4,"minecraft:furnace":1,"minecraft:cooked_mutton":1,"minecraft:glass":15,"minecraft:iron_boots":2,"minecraft:melon_seeds":5,"minecraft:stone_pickaxe":8,"minecraft:chest":4,"minecraft:stone_hoe":1,"minecraft:cooked_beef":9,"minecraft:crafting_table":6,"minecraft:wooden_pickaxe":4,"minecraft:iron_helmet":2,"minecraft:iron_sword":3,"minecraft:bucket":1,"minecraft:birch_planks":24,"minecraft:stone_axe":1,"minecraft:jungle_planks":272,"minecraft:jungle_door":3,"minecraft:iron_chestplate":2,"minecraft:shield":2,"minecraft:stick":72,"minecraft:iron_ingot":103,"minecraft:iron_pickaxe":3,"minecraft:stone_sword":3,"minecraft:iron_leggings":2,"minecraft:torch":32}},"DataVersion":3465}