{"stats":{"minecraft:used":{"minecraft:beetroot":24,"minecraft:iron_shovel":4064,"minecraft:oak_sign":11,"minecraft:chest":50,"minecraft:shield":76,"minecraft:stone":211,"minecraft:iron_sword":1076,"minecraft:jungle_planks":171,"minecraft:tuff":22,"minecraft:glass":67,"iceandfire:ghost_chest":2,"minecraft:cooked_cod":5,"minecraft:oak_sapling":1,"minecraft:furnace":22,"minecraft:beetroot_seeds":85,"minecraft:egg":12,"minecraft:potato":264,"minecraft:diorite":2,"minecraft:mossy_stone_bricks":1,"minecraft:stone_pickaxe":648,"minecraft:oak_planks":886,"minecraft:wooden_pickaxe":116,"minecraft:sandstone":12,"minecraft:jungle_pressure_plate":1,"minecraft:sugar_cane":49,"minecraft:golden_apple":1,"minecraft:glow_berries":40,"minecraft:sand":18,"minecraft:pumpkin_seeds":21,"minecraft:shears":2,"minecraft:cobbled_deepslate_stairs":33,"minecraft:birch_fence_gate":2,"minecraft:stone_button":1,"minecraft:melon_slice":224,"minecraft:bread":74,"minecraft:oak_pressure_plate":3,"minecraft:iron_door":2,"minecraft:gravel":12,"supplementaries:flax_seeds":10,"minecraft:wooden_sword":40,"minecraft:andesite":34,"minecraft:oak_boat":6,"minecraft:bone_meal":27,"minecraft:oak_fence":196,"minecraft:stone_sword":258,"minecraft:stone_shovel":262,"minecraft:cooked_salmon":1,"minecraft:cooked_chicken":2,"minecraft:stone_hoe":174,"minecraft:torch":350,"minecraft:dirt":3235,"minecraft:cobblestone_wall":5,"minecraft:granite":7,"minecraft:oak_fence_gate":3,"minecraft:iron_hoe":547,"minecraft:bookshelf":8,"minecraft:iron_axe":988,"minecraft:jungle_log":8,"minecraft:melon_seeds":32,"minecraft:light_gray_bed":1,"minecraft:cooked_beef":11,"minecraft:enchanted_golden_apple":1,"minecraft:cobbled_deepslate":200,"minecraft:cobbled_deepslate_wall":85,"minecraft:wheat_seeds":512,"minecraft:cooked_mutton":19,"minecraft:water_bucket":97,"minecraft:baked_potato":41,"minecraft:oak_slab":113,"minecraft:crafting_table":20,"minecraft:white_bed":38,"minecraft:oak_log":4,"minecraft:black_wool":2,"minecraft:apple":1,"minecraft:oak_button":1,"minecraft:iron_pickaxe":2627,"minecraft:stone_axe":67,"minecraft:fishing_rod":129,"minecraft:cobblestone":342,"minecraft:cooked_porkchop":30,"minecraft:jungle_door":2,"minecraft:bucket":97,"minecraft:glass_pane":260,"minecraft:dandelion":1,"minecraft:stripped_oak_log":149},"minecraft:crafted":{"minecraft:black_dye":39,"minecraft:oak_planks":1722,"minecraft:oak_sign":12,"minecraft:oak_pressure_plate":3,"minecraft:cooked_chicken":1,"minecraft:stone":716,"minecraft:bookshelf":8,"minecraft:cooked_mutton":122,"minecraft:glass":329,"minecraft:iron_boots":4,"minecraft:melon_seeds":32,"minecraft:chest":23,"minecraft:oak_button":1,"minecraft:iron_door":3,"minecraft:stone_hoe":1,"minecraft:black_wool":16,"minecraft:oak_fence":114,"minecraft:oak_slab":186,"minecraft:deepslate":1,"minecraft:cooked_porkchop":30,"minecraft:crafting_table":15,"minecraft:iron_helmet":4,"minecraft:wooden_pickaxe":4,"minecraft:baked_potato":167,"minecraft:jungle_pressure_plate":1,"minecraft:cobbled_deepslate_wall":126,"minecraft:copper_ingot":14,"minecraft:pumpkin_seeds":20,"minecraft:birch_planks":48,"minecraft:light_gray_bed":1,"minecraft:paper":75,"minecraft:iron_chestplate":4,"minecraft:book":25,"minecraft:shield":4,"minecraft:stick":268,"minecraft:iron_ingot":289,"minecraft:compass":1,"minecraft:iron_pickaxe":11,"minecraft:stone_sword":3,"minecraft:gold_ingot":30,"minecraft:shears":3,"minecraft:wooden_sword":4,"minecraft:stone_shovel":2,"minecraft:fishing_rod":1,"minecraft:furnace":7,"minecraft:bone_meal":27,"minecraft:glass_pane":320,"minecraft:iron_axe":2,"minecraft:iron_hoe":3,"minecraft:stone_pickaxe":8,"minecraft:cobblestone_wall":30,"minecraft:cobbled_deepslate_stairs":32,"minecraft:wheat":828,"minecraft:cooked_beef":65,"minecraft:cooked_cod":5,"minecraft:iron_sword":10,"minecraft:cooked_salmon":3,"minecraft:bucket":2,"minecraft:stone_axe":1,"minecraft:bread":251,"minecraft:jungle_planks":296,"minecraft:oak_fence_gate":3,"minecraft:oak_boat":3,"minecraft:jungle_door":3,"minecraft:iron_shovel":17,"minecraft:iron_leggings":4,"minecraft:white_bed":4,"minecraft:acacia_planks":8,"minecraft:torch":216},"minecraft:custom":{"minecraft:animals_bred":143,"minecraft:interact_with_crafting_table":161,"minecraft:eat_cake_slice":8,"minecraft:leave_game":16,"minecraft:time_since_death":54233,"minecraft:damage_resisted":151,"minecraft:sprint_one_cm":3704875,"minecraft:damage_blocked_by_shield":4605,"minecraft:drop":354,"minecraft:talked_to_villager":6,"minecraft:play_time":1676462,"minecraft:deaths":21,"minecraft:jump":12288,"minecraft:walk_on_water_one_cm":292251,"minecraft:interact_with_furnace":282,"minecraft:sleep_in_bed":78,"minecraft:damage_dealt":31566,"minecraft:player_kills":1,"minecraft:crouch_one_cm":36209,"tombstone:undead_killed":84,"minecraft:interact_with_smithing_table":2,"minecraft:mob_kills":250,"minecraft:climb_one_cm":37260,"minecraft:walk_one_cm":6044956,"minecraft:sneak_time":6496,"minecraft:walk_under_water_one_cm":197510,"minecraft:boat_one_cm":1755276,"minecraft:total_world_time":1676462,"tombstone:raider_killed":3,"minecraft:time_since_rest":3790,"minecraft:damage_absorbed":180,"minecraft:damage_taken":16918,"minecraft:trigger_trapped_chest":3,"minecraft:swim_one_cm":127471,"minecraft:fly_one_cm":1873814,"minecraft:open_chest":443,"minecraft:fish_caught":52,"minecraft:fall_one_cm":187071},"minecraft:killed_by":{"minecraft:creeper":2,"minecraft:pillager":1,"minecraft:zombie":6,"minecraft:enderman":1,"minecraft:skeleton":10,"iceandfire:ghost":1},"minecraft:picked_up":{"minecraft:wheat":354,"supplementaries:bomb_blue":4,"minecraft:enchanted_book":3,"tombstone:grave_key":4,"minecraft:amethyst_block":72,"iceandfire:manuscript":2,"minecraft:music_disc_cat":1,"minecraft:string":28,"minecraft:raw_copper":207,"minecraft:armor_stand":3,"minecraft:smooth_stone":2,"minecraft:pufferfish":4,"minecraft:experience_bottle":1,"minecraft:oak_sign":3,"minecraft:beetroot":115,"minecraft:activator_rail":12,"minecraft:tnt_minecart":1,"minecraft:gold_nugget":202,"minecraft:cobbled_deepslate":702,"minecraft:bucket":2,"minecraft:eye_armor_trim_smithing_template":1,"minecraft:iron_pickaxe":5,"alexsmobs:raccoon_tail":2,"minecraft:melon_slice":360,"minecraft:iron_boots":2,"minecraft:furnace":15,"tombstone:scroll_of_lightning_resistance":2,"minecraft:stick":60,"iceandfire:ghost_chest":3,"minecraft:jungle_door":4,"minecraft:oak_fence":122,"minecraft:torch":155,"minecraft:acacia_log":2,"minecraft:spruce_stairs":1,"magistuarmory:rusted_heavymace":4,"minecraft:porkchop":30,"iceandfire:rotten_egg":2,"tombstone:grave_dust":10,"minecraft:diorite":12,"supplementaries:flax":9,"magistuarmory:rustedcrusader_chestplate":4,"minecraft:stone_sword":2,"minecraft:light_gray_bed":2,"minecraft:rotten_flesh":134,"minecraft:tropical_fish":1,"iceandfire:deathworm_chitin_yellow":6,"supplementaries:antique_ink":15,"minecraft:iron_block":1,"supplementaries:ash":20,"minecraft:obsidian":14,"minecraft:cod":16,"minecraft:cobblestone":1894,"minecraft:leather_chestplate":2,"minecraft:jungle_log":92,"minecraft:feather":1,"minecraft:cooked_beef":11,"magistuarmory:rustedchainmail_boots":2,"minecraft:iron_door":1,"minecraft:andesite":77,"minecraft:jungle_wood":58,"minecraft:potato":473,"alexsmobs:bison_fur":6,"minecraft:flint":13,"minecraft:tuff":31,"supplementaries:flax_seeds":25,"minecraft:lantern":1,"minecraft:lapis_lazuli":207,"minecraft:dirt":4331,"tombstone:familiar_receptacle":3,"minecraft:name_tag":2,"minecraft:leather_boots":3,"minecraft:glass":69,"minecraft:bone":53,"minecraft:bow":8,"minecraft:wheat_seeds":1332,"minecraft:cobbled_deepslate_wall":11,"minecraft:raw_gold":48,"minecraft:mossy_stone_bricks":3,"minecraft:glowstone_dust":28,"minecraft:bamboo":9,"minecraft:oak_planks":260,"minecraft:music_disc_13":1,"minecraft:poisonous_potato":2,"wardrobe:ocelot_skin":2,"minecraft:birch_fence_gate":2,"minecraft:sand":539,"minecraft:jungle_planks":7,"minecraft:ink_sac":41,"minecraft:chiseled_sandstone":2,"minecraft:mossy_cobblestone":1,"minecraft:bundle":3,"minecraft:iron_hoe":1,"minecraft:diamond":7,"minecraft:writable_book":1,"magistuarmory:corruptedroundshield":3,"minecraft:granite":35,"alexsmobs:tarantula_hawk_wing_fragment":1,"minecraft:bone_meal":1,"minecraft:golden_apple":1,"minecraft:golden_horse_armor":3,"minecraft:emerald":51,"minecraft:bread":102,"minecraft:oak_sapling":14,"minecraft:oak_leaves":2,"iceandfire:raw_silver":21,"minecraft:diamond_pickaxe":1,"minecraft:fishing_rod":2,"minecraft:cocoa_beans":63,"minecraft:crafting_table":5,"minecraft:sandstone_slab":11,"minecraft:azure_bluet":6,"minecraft:leather_leggings":2,"minecraft:chest_minecart":8,"minecraft:wooden_pickaxe":2,"alexsmobs:roadrunner_feather":1,"minecraft:chain":4,"minecraft:cornflower":6,"minecraft:iron_axe":4,"minecraft:wooden_sword":2,"minecraft:item_frame":3,"minecraft:compass":1,"minecraft:iron_shovel":1,"minecraft:birch_fence":24,"minecraft:glass_pane":13,"minecraft:cracked_stone_bricks":5,"minecraft:detector_rail":9,"tombstone:scroll_of_unstable_intangibility":2,"minecraft:beef":72,"minecraft:oak_boat":4,"minecraft:iron_nugget":48,"minecraft:poppy":7,"minecraft:light_gray_wool":69,"supplementaries:rope":18,"minecraft:sugar_cane":130,"minecraft:chest":27,"minecraft:egg":29,"minecraft:raw_iron":319,"minecraft:sandstone":15,"minecraft:stone":45,"minecraft:copper_ingot":1,"minecraft:bowl":1,"magistuarmory:rustedbarbute":1,"minecraft:stone_button":1,"minecraft:carrot":63,"minecraft:redstone":89,"iceandfire:silver_ingot":1,"minecraft:arrow":32,"minecraft:beetroot_seeds":215,"minecraft:pumpkin_pie":1,"minecraft:shears":1,"minecraft:diamond_boots":3,"minecraft:hay_block":179,"minecraft:gold_ingot":3,"minecraft:glow_berries":40,"minecraft:mutton":113,"minecraft:rail":161,"minecraft:skeleton_skull":2,"minecraft:white_wool":70,"minecraft:oxeye_daisy":2,"minecraft:stripped_oak_log":599,"minecraft:salmon":7,"minecraft:leather":41,"minecraft:oak_log":684,"iceandfire:ectoplasm":4,"minecraft:cobblestone_wall":5,"minecraft:cobbled_deepslate_stairs":36,"minecraft:gunpowder":29,"minecraft:cobblestone_stairs":1,"minecraft:heart_pottery_sherd":3,"tombstone:gift":4,"minecraft:cooked_mutton":1,"minecraft:apple":11,"minecraft:stone_bricks":6,"minecraft:kelp":5,"mowziesmobs:foliaath_seed":2,"minecraft:rabbit_hide":2,"minecraft:iron_ingot":119,"tombstone:tablet_of_guard":2,"minecraft:cooked_chicken":1,"minecraft:cobweb":8,"tombstone:bag_of_seeds":3,"minecraft:iron_sword":5,"minecraft:book":45,"minecraft:oak_slab":25,"minecraft:smooth_basalt":1,"minecraft:pumpkin":13,"magistuarmory:rustedchainmail_chestplate":1,"minecraft:stone_brick_slab":1,"minecraft:dandelion":72,"minecraft:gravel":115,"minecraft:amethyst_shard":128,"minecraft:white_bed":40,"magistuarmory:rustedchainmail_leggings":1,"minecraft:spider_eye":1,"minecraft:leather_helmet":2,"tombstone:scroll_of_true_sight":1,"magistuarmory:rustedchainmail_helmet":2,"minecraft:pumpkin_seeds":2,"minecraft:stone_axe":1,"minecraft:gray_wool":52,"tombstone:magic_scroll":1,"minecraft:melon_seeds":6,"minecraft:black_wool":1023,"minecraft:coal":588},"minecraft:dropped":{"minecraft:iron_sword":10,"minecraft:cooked_beef":15,"minecraft:baked_potato":24,"minecraft:sandstone_slab":11,"magistuarmory:rustedcrusader_chestplate":4,"minecraft:chest_minecart":6,"minecraft:leather":2,"minecraft:jungle_planks":4,"minecraft:cracked_stone_bricks":5,"minecraft:leather_helmet":1,"minecraft:rail":50,"alexsmobs:bison_fur":4,"minecraft:item_frame":1,"minecraft:cod":6,"minecraft:cobblestone_stairs":1,"minecraft:emerald":7,"minecraft:dirt":326,"minecraft:birch_fence":10,"supplementaries:rope":4,"alexsmobs:roadrunner_feather":1,"minecraft:cornflower":6,"minecraft:gold_nugget":7,"supplementaries:flax":1,"minecraft:wooden_sword":6,"minecraft:sand":43,"minecraft:iron_pickaxe":3,"magistuarmory:corruptedroundshield":2,"minecraft:fishing_rod":2,"minecraft:white_wool":15,"minecraft:bone":5,"magistuarmory:rustedchainmail_leggings":1,"minecraft:gravel":105,"minecraft:stone_axe":2,"minecraft:compass":1,"minecraft:sugar_cane":3,"minecraft:iron_nugget":17,"minecraft:detector_rail":3,"minecraft:cobbled_deepslate":386,"minecraft:wheat":26,"tombstone:gift":4,"minecraft:beetroot":8,"minecraft:rotten_flesh":133,"wardrobe:ocelot_skin":1,"minecraft:oak_planks":10,"minecraft:cooked_mutton":16,"minecraft:azure_bluet":6,"minecraft:white_bed":2,"minecraft:poppy":7,"minecraft:leather_chestplate":2,"supplementaries:flax_seeds":16,"iceandfire:ghost_chest":1,"minecraft:gunpowder":14,"minecraft:beetroot_seeds":16,"minecraft:melon_seeds":6,"minecraft:leather_boots":1,"minecraft:leather_leggings":2,"magistuarmory:rustedchainmail_chestplate":1,"minecraft:glass":1,"magistuarmory:rustedchainmail_boots":2,"iceandfire:deathworm_chitin_yellow":6,"minecraft:oak_leaves":2,"minecraft:egg":1,"minecraft:water_bucket":1,"minecraft:iron_ingot":15,"minecraft:bread":30,"minecraft:oak_slab":3,"minecraft:black_dye":1,"minecraft:wheat_seeds":461,"minecraft:cobbled_deepslate_stairs":35,"minecraft:mossy_cobblestone":1,"minecraft:poisonous_potato":2,"minecraft:oak_fence":4,"minecraft:iron_helmet":2,"minecraft:cobblestone":797,"minecraft:granite":28,"minecraft:coal":43,"minecraft:stick":27,"minecraft:oxeye_daisy":1,"minecraft:diorite":10,"minecraft:torch":19,"tombstone:grave_key":8,"minecraft:melon_slice":113,"tombstone:grave_dust":3,"minecraft:iron_leggings":3,"minecraft:iron_axe":1,"magistuarmory:rustedbarbute":1,"minecraft:iron_shovel":3,"minecraft:string":7,"minecraft:dandelion":71,"minecraft:stone_brick_slab":1,"minecraft:kelp":5,"minecraft:stone_sword":3,"minecraft:raw_copper":5,"minecraft:deepslate":1,"minecraft:tuff":9,"minecraft:light_gray_wool":39,"minecraft:iron_boots":2,"minecraft:iron_hoe":2,"minecraft:stripped_oak_log":256,"minecraft:glass_pane":26,"minecraft:stone":31,"minecraft:shield":3,"minecraft:iron_chestplate":3,"minecraft:andesite":43,"minecraft:mossy_stone_bricks":2,"minecraft:light_gray_bed":1,"minecraft:oak_sapling":13,"minecraft:stone_bricks":1,"minecraft:sandstone":3,"minecraft:bow":1,"minecraft:stone_pickaxe":3,"minecraft:wooden_pickaxe":4,"minecraft:black_wool":129},"minecraft:broken":{"minecraft:iron_shovel":14,"minecraft:iron_boots":1,"minecraft:stone_pickaxe":5,"minecraft:iron_sword":2,"minecraft:stone_shovel":2,"minecraft:iron_hoe":1,"minecraft:stone_sword":2,"minecraft:stone_hoe":1,"minecraft:wooden_pickaxe":2,"minecraft:iron_axe":4,"minecraft:iron_pickaxe":9,"minecraft:iron_helmet":2},"minecraft:killed":{"minecraft:spider":9,"minecraft:skeleton":15,"mowziesmobs:foliaath":1,"minecraft:pig":15,"minecraft:zombie_villager":1,"minecraft:salmon":2,"minecraft:creeper":3,"minecraft:sheep":68,"minecraft:pillager":3,"minecraft:zombie":64,"minecraft:cow":32,"alexsmobs:tarantula_hawk":1,"alexsmobs:bison":1,"minecraft:drowned":3,"iceandfire:deathworm":2,"alexsmobs:guster":5,"minecraft:squid":19,"alexsmobs:catfish":1,"iceandfire:ghost":1},"minecraft:mined":{"minecraft:white_bed":37,"minecraft:farmland":12,"minecraft:cobbled_deepslate_stairs":11,"minecraft:cobblestone_stairs":1,"minecraft:jungle_leaves":9,"minecraft:granite":29,"minecraft:budding_amethyst":2,"minecraft:acacia_log":2,"minecraft:grass_block":2925,"minecraft:light_gray_bed":1,"minecraft:jungle_log":94,"minecraft:oak_wall_sign":2,"minecraft:oxeye_daisy":1,"minecraft:smooth_stone":2,"minecraft:tall_seagrass":4,"minecraft:glowstone":5,"minecraft:iron_ore":208,"minecraft:fire":2,"minecraft:cobbled_deepslate":110,"minecraft:pumpkin":13,"minecraft:deepslate_lapis_ore":6,"minecraft:oak_sign":1,"minecraft:dirt_path":2,"minecraft:birch_wall_sign":3,"minecraft:iron_block":1,"minecraft:deepslate_redstone_ore":12,"minecraft:sandstone_slab":11,"minecraft:cut_sandstone":1,"minecraft:melon_stem":3,"minecraft:amethyst_cluster":16,"minecraft:torch":13,"minecraft:melon":69,"minecraft:poppy":5,"iceandfire:ghost_chest":3,"minecraft:chest":27,"minecraft:dead_bush":2,"minecraft:glass":2,"minecraft:cobblestone":62,"minecraft:oak_planks":45,"minecraft:sugar_cane":72,"minecraft:wall_torch":7,"minecraft:amethyst_block":36,"minecraft:deepslate_copper_ore":1,"minecraft:skeleton_skull":1,"minecraft:seagrass":9,"minecraft:chain":2,"minecraft:jungle_wood":59,"minecraft:wheat":361,"minecraft:grass":1191,"minecraft:oak_log":288,"minecraft:beetroots":72,"minecraft:sand":467,"minecraft:dirt":1176,"minecraft:smooth_basalt":2,"minecraft:raw_copper_block":1,"minecraft:oak_leaves":74,"minecraft:deepslate":531,"minecraft:tuff":25,"iceandfire:silver_ore":7,"minecraft:mossy_cobblestone":1,"minecraft:deepslate_diamond_ore":7,"minecraft:glow_lichen":2,"minecraft:jungle_planks":6,"iceandfire:deepslate_silver_ore":4,"minecraft:sandstone":22,"minecraft:hay_block":95,"minecraft:redstone_ore":6,"minecraft:furnace":11,"minecraft:carrots":19,"supplementaries:flax":4,"minecraft:chiseled_sandstone":2,"minecraft:andesite":59,"minecraft:bookshelf":16,"minecraft:potatoes":171,"minecraft:deepslate_iron_ore":74,"minecraft:vine":39,"minecraft:rail":3,"minecraft:stripped_oak_log":528,"minecraft:stone":1511,"minecraft:oak_slab":18,"minecraft:scaffolding":3,"minecraft:glass_pane":13,"minecraft:stone_brick_slab":1,"minecraft:dandelion":33,"minecraft:oak_fence":11,"minecraft:smooth_sandstone":2,"minecraft:crafting_table":5,"minecraft:cornflower":2,"minecraft:cobbled_deepslate_wall":11,"minecraft:copper_ore":32,"minecraft:tall_grass":63,"minecraft:lapis_ore":27,"minecraft:deepslate_gold_ore":40,"minecraft:diorite":45,"minecraft:spruce_stairs":1,"supplementaries:urn":26,"minecraft:cactus":5,"minecraft:cobblestone_wall":5,"minecraft:black_wool":14,"minecraft:coal_ore":319,"minecraft:cocoa":4,"minecraft:gravel":118,"minecraft:cobweb":11,"minecraft:cracked_stone_bricks":2,"minecraft:stone_bricks":1,"minecraft:mossy_stone_bricks":2,"minecraft:gold_ore":8,"minecraft:birch_fence":20,"minecraft:fern":47}},"DataVersion":3465}