{"stats":{"minecraft:broken":{"minecraft:wooden_pickaxe":2,"minecraft:stone_pickaxe":4},"minecraft:used":{"minecraft:stone_sword":116,"minecraft:chest":4,"minecraft:cooked_chicken":1,"minecraft:stone_hoe":65,"minecraft:torch":59,"minecraft:dirt":64,"minecraft:jungle_planks":171,"minecraft:granite":7,"minecraft:jungle_log":8,"minecraft:melon_seeds":5,"minecraft:furnace":1,"minecraft:beetroot_seeds":3,"minecraft:cooked_beef":4,"minecraft:cobbled_deepslate":11,"minecraft:wheat_seeds":38,"minecraft:cooked_mutton":1,"minecraft:diorite":2,"minecraft:water_bucket":6,"minecraft:mossy_stone_bricks":1,"minecraft:stone_pickaxe":640,"minecraft:wooden_pickaxe":116,"minecraft:glow_berries":22,"minecraft:crafting_table":6,"minecraft:pumpkin_seeds":2,"minecraft:iron_pickaxe":47,"minecraft:melon_slice":60,"minecraft:stone_axe":67,"minecraft:wooden_sword":40,"minecraft:cobblestone":94,"minecraft:andesite":22,"minecraft:jungle_door":2,"minecraft:bucket":6,"minecraft:dandelion":1},"minecraft:custom":{"minecraft:mob_kills":11,"minecraft:interact_with_crafting_table":27,"minecraft:leave_game":2,"minecraft:time_since_death":53961,"minecraft:climb_one_cm":8783,"minecraft:sprint_one_cm":558565,"minecraft:walk_one_cm":870260,"minecraft:drop":95,"minecraft:play_time":241879,"minecraft:deaths":7,"minecraft:walk_under_water_one_cm":9851,"minecraft:jump":2023,"minecraft:walk_on_water_one_cm":51492,"minecraft:total_world_time":241879,"minecraft:interact_with_furnace":21,"minecraft:time_since_rest":51562,"minecraft:damage_taken":2917,"minecraft:damage_dealt":2416,"minecraft:fly_one_cm":177083,"minecraft:open_chest":26,"tombstone:undead_killed":7,"minecraft:fall_one_cm":26287},"minecraft:dropped":{"minecraft:bread":8,"minecraft:iron_sword":1,"minecraft:oak_slab":1,"minecraft:cooked_beef":6,"minecraft:oak_fence":4,"minecraft:iron_helmet":1,"minecraft:cobblestone":645,"minecraft:jungle_planks":1,"minecraft:chest_minecart":2,"minecraft:granite":25,"minecraft:cracked_stone_bricks":3,"minecraft:rail":12,"minecraft:stick":2,"minecraft:dirt":219,"supplementaries:rope":4,"minecraft:diorite":7,"minecraft:torch":1,"tombstone:grave_key":4,"minecraft:melon_slice":71,"minecraft:iron_leggings":1,"minecraft:wooden_sword":6,"minecraft:string":3,"minecraft:bone":2,"minecraft:gravel":1,"minecraft:stone_axe":2,"minecraft:detector_rail":3,"minecraft:stone_sword":2,"minecraft:cobbled_deepslate":2,"tombstone:gift":3,"wardrobe:ocelot_skin":1,"minecraft:rotten_flesh":17,"minecraft:oak_planks":10,"minecraft:iron_boots":1,"minecraft:iron_chestplate":1,"minecraft:andesite":23,"minecraft:melon_seeds":4,"minecraft:wooden_pickaxe":4,"minecraft:stone_pickaxe":3,"magistuarmory:rustedchainmail_boots":1},"minecraft:killed":{"minecraft:skeleton":1,"minecraft:creeper":1,"minecraft:sheep":1,"minecraft:zombie":6,"minecraft:cow":2},"minecraft:picked_up":{"minecraft:cocoa_beans":9,"minecraft:wheat":1,"minecraft:chest_minecart":6,"minecraft:wooden_pickaxe":2,"minecraft:enchanted_book":1,"tombstone:grave_key":1,"minecraft:chain":2,"minecraft:string":3,"minecraft:raw_copper":116,"minecraft:wooden_sword":2,"minecraft:activator_rail":6,"minecraft:cracked_stone_bricks":3,"minecraft:cobbled_deepslate":14,"minecraft:detector_rail":6,"minecraft:beef":4,"minecraft:light_gray_wool":1,"minecraft:melon_slice":136,"supplementaries:rope":9,"minecraft:stick":9,"minecraft:raw_iron":109,"minecraft:oak_fence":4,"minecraft:torch":21,"minecraft:diorite":11,"minecraft:redstone":32,"minecraft:stone_sword":1,"minecraft:arrow":3,"minecraft:rotten_flesh":17,"minecraft:beetroot_seeds":3,"minecraft:glow_berries":29,"minecraft:mutton":1,"minecraft:rail":8,"minecraft:cobblestone":811,"minecraft:cooked_beef":5,"magistuarmory:rustedchainmail_boots":2,"minecraft:andesite":53,"minecraft:jungle_log":90,"minecraft:leather":6,"minecraft:flint":2,"minecraft:gunpowder":1,"minecraft:lapis_lazuli":147,"minecraft:dirt":206,"tombstone:gift":3,"minecraft:name_tag":1,"minecraft:cooked_mutton":1,"minecraft:bone":2,"minecraft:bow":1,"minecraft:wheat_seeds":34,"minecraft:raw_gold":4,"minecraft:iron_ingot":2,"minecraft:cooked_chicken":1,"minecraft:mossy_stone_bricks":1,"minecraft:oak_planks":10,"minecraft:oak_slab":1,"minecraft:dandelion":1,"minecraft:gravel":1,"wardrobe:ocelot_skin":1,"minecraft:jungle_planks":6,"minecraft:sand":24,"minecraft:pumpkin_seeds":2,"minecraft:stone_axe":1,"minecraft:granite":32,"minecraft:golden_apple":1,"minecraft:bread":6,"minecraft:melon_seeds":4,"minecraft:coal":63,"iceandfire:raw_silver":7},"minecraft:killed_by":{"minecraft:creeper":1,"minecraft:enderman":1,"minecraft:skeleton":4,"minecraft:zombie":1},"minecraft:mined":{"iceandfire:silver_ore":7,"minecraft:glow_lichen":2,"minecraft:granite":27,"minecraft:grass_block":52,"minecraft:jungle_planks":6,"minecraft:jungle_log":92,"minecraft:redstone_ore":6,"minecraft:iron_ore":105,"minecraft:cobbled_deepslate":2,"minecraft:andesite":46,"minecraft:deepslate_iron_ore":7,"minecraft:vine":28,"minecraft:stone":363,"minecraft:dandelion":1,"minecraft:oak_fence":1,"minecraft:melon":23,"minecraft:copper_ore":28,"minecraft:cobblestone":16,"minecraft:lapis_ore":27,"minecraft:oak_planks":4,"minecraft:diorite":40,"minecraft:deepslate_copper_ore":1,"minecraft:chain":2,"minecraft:wheat":7,"minecraft:grass":225,"minecraft:coal_ore":60,"minecraft:gravel":2,"minecraft:sand":25,"minecraft:dirt":57,"minecraft:cracked_stone_bricks":1,"minecraft:mossy_stone_bricks":1,"minecraft:gold_ore":4,"minecraft:oak_leaves":2,"minecraft:deepslate":10,"minecraft:fern":44},"minecraft:crafted":{"minecraft:wooden_sword":4,"minecraft:furnace":1,"minecraft:cooked_mutton":1,"minecraft:glass":15,"minecraft:iron_boots":2,"minecraft:melon_seeds":5,"minecraft:stone_pickaxe":8,"minecraft:chest":4,"minecraft:stone_hoe":1,"minecraft:cooked_beef":9,"minecraft:crafting_table":6,"minecraft:wooden_pickaxe":4,"minecraft:iron_helmet":2,"minecraft:iron_sword":1,"minecraft:bucket":1,"minecraft:stone_axe":1,"minecraft:jungle_planks":272,"minecraft:jungle_door":3,"minecraft:iron_chestplate":2,"minecraft:stick":48,"minecraft:iron_ingot":83,"minecraft:iron_pickaxe":1,"minecraft:stone_sword":3,"minecraft:iron_leggings":2,"minecraft:torch":32}},"DataVersion":3465}