{"stats":{"minecraft:used":{"minecraft:beetroot":4,"minecraft:iron_shovel":260,"minecraft:chest":4,"minecraft:shield":41,"minecraft:iron_sword":679,"minecraft:jungle_planks":171,"minecraft:furnace":1,"minecraft:cooked_cod":5,"minecraft:beetroot_seeds":85,"minecraft:potato":50,"minecraft:mossy_stone_bricks":1,"minecraft:diorite":2,"minecraft:stone_pickaxe":648,"minecraft:wooden_pickaxe":116,"minecraft:golden_apple":1,"minecraft:glow_berries":40,"minecraft:shears":2,"minecraft:pumpkin_seeds":6,"minecraft:bread":5,"minecraft:melon_slice":144,"minecraft:gravel":12,"supplementaries:flax_seeds":10,"minecraft:wooden_sword":40,"minecraft:andesite":22,"minecraft:oak_boat":1,"minecraft:bone_meal":27,"minecraft:oak_fence":39,"minecraft:stone_sword":258,"minecraft:stone_shovel":262,"minecraft:cooked_salmon":1,"minecraft:stone_hoe":174,"minecraft:cooked_chicken":2,"minecraft:torch":191,"minecraft:dirt":369,"minecraft:granite":7,"minecraft:oak_fence_gate":2,"minecraft:iron_hoe":173,"minecraft:jungle_log":8,"minecraft:melon_seeds":16,"minecraft:cooked_beef":5,"minecraft:cobbled_deepslate":83,"minecraft:enchanted_golden_apple":1,"minecraft:wheat_seeds":271,"minecraft:cooked_mutton":1,"minecraft:water_bucket":44,"minecraft:crafting_table":8,"minecraft:white_bed":8,"minecraft:black_wool":2,"minecraft:iron_pickaxe":740,"minecraft:stone_axe":67,"minecraft:fishing_rod":80,"minecraft:cobblestone":172,"minecraft:cooked_porkchop":25,"minecraft:jungle_door":2,"minecraft:bucket":43,"minecraft:dandelion":1},"minecraft:crafted":{"minecraft:black_dye":16,"minecraft:oak_planks":352,"minecraft:cooked_chicken":1,"minecraft:cooked_mutton":22,"minecraft:glass":15,"minecraft:iron_boots":4,"minecraft:melon_seeds":12,"minecraft:chest":4,"minecraft:black_wool":16,"minecraft:stone_hoe":1,"minecraft:oak_fence":48,"minecraft:deepslate":1,"minecraft:cooked_porkchop":30,"minecraft:crafting_table":7,"minecraft:baked_potato":47,"minecraft:wooden_pickaxe":4,"minecraft:iron_helmet":4,"minecraft:copper_ingot":14,"minecraft:birch_planks":48,"minecraft:iron_chestplate":4,"minecraft:shield":4,"minecraft:stick":148,"minecraft:iron_pickaxe":6,"minecraft:iron_ingot":176,"minecraft:compass":1,"minecraft:stone_sword":3,"minecraft:gold_ingot":10,"minecraft:shears":1,"minecraft:wooden_sword":4,"minecraft:stone_shovel":2,"minecraft:fishing_rod":1,"minecraft:furnace":1,"minecraft:bone_meal":27,"minecraft:iron_hoe":1,"minecraft:stone_pickaxe":8,"minecraft:cooked_beef":9,"minecraft:cooked_cod":5,"minecraft:iron_sword":7,"minecraft:cooked_salmon":3,"minecraft:bucket":1,"minecraft:stone_axe":1,"minecraft:jungle_planks":272,"minecraft:oak_fence_gate":2,"minecraft:oak_boat":1,"minecraft:jungle_door":3,"minecraft:iron_shovel":2,"minecraft:iron_leggings":4,"minecraft:white_bed":4,"minecraft:torch":112},"minecraft:custom":{"minecraft:animals_bred":61,"minecraft:interact_with_crafting_table":72,"minecraft:eat_cake_slice":5,"minecraft:leave_game":5,"minecraft:time_since_death":81267,"minecraft:damage_resisted":151,"minecraft:sprint_one_cm":1439023,"minecraft:damage_blocked_by_shield":2430,"minecraft:drop":187,"minecraft:talked_to_villager":1,"minecraft:play_time":726674,"minecraft:deaths":18,"minecraft:jump":5607,"minecraft:walk_on_water_one_cm":145200,"minecraft:interact_with_furnace":61,"minecraft:sleep_in_bed":14,"minecraft:damage_dealt":19558,"minecraft:player_kills":1,"minecraft:crouch_one_cm":30356,"tombstone:undead_killed":67,"minecraft:mob_kills":129,"minecraft:climb_one_cm":22308,"minecraft:walk_one_cm":2736202,"minecraft:sneak_time":5243,"minecraft:walk_under_water_one_cm":116270,"minecraft:boat_one_cm":1359292,"minecraft:total_world_time":726674,"tombstone:raider_killed":2,"minecraft:time_since_rest":18081,"minecraft:damage_taken":9902,"minecraft:damage_absorbed":180,"minecraft:swim_one_cm":29271,"minecraft:fly_one_cm":506182,"minecraft:open_chest":141,"minecraft:fish_caught":30,"minecraft:fall_one_cm":68214},"minecraft:killed_by":{"minecraft:creeper":2,"minecraft:zombie":5,"minecraft:enderman":1,"minecraft:skeleton":10},"minecraft:picked_up":{"minecraft:wheat":166,"minecraft:enchanted_book":1,"tombstone:grave_key":1,"minecraft:amethyst_block":36,"minecraft:string":18,"minecraft:raw_copper":128,"minecraft:pufferfish":1,"minecraft:beetroot":51,"minecraft:activator_rail":6,"minecraft:cobbled_deepslate":263,"minecraft:gold_nugget":70,"minecraft:iron_pickaxe":1,"minecraft:melon_slice":272,"minecraft:furnace":1,"minecraft:stick":9,"minecraft:oak_fence":7,"minecraft:torch":71,"magistuarmory:rusted_heavymace":2,"minecraft:porkchop":30,"tombstone:grave_dust":1,"minecraft:diorite":12,"supplementaries:flax":5,"magistuarmory:rustedcrusader_chestplate":4,"minecraft:stone_sword":2,"minecraft:rotten_flesh":60,"minecraft:tropical_fish":1,"supplementaries:antique_ink":5,"minecraft:cod":1,"minecraft:cobblestone":944,"magistuarmory:rustedchainmail_boots":2,"minecraft:feather":1,"minecraft:cooked_beef":5,"minecraft:andesite":53,"minecraft:jungle_log":90,"minecraft:potato":95,"minecraft:flint":12,"minecraft:tuff":3,"supplementaries:flax_seeds":17,"minecraft:lapis_lazuli":177,"minecraft:dirt":706,"tombstone:familiar_receptacle":1,"minecraft:name_tag":1,"minecraft:leather_boots":2,"minecraft:bone":14,"minecraft:bow":3,"minecraft:wheat_seeds":499,"minecraft:raw_gold":42,"minecraft:mossy_stone_bricks":2,"minecraft:oak_planks":10,"minecraft:poisonous_potato":1,"wardrobe:ocelot_skin":1,"minecraft:jungle_planks":7,"minecraft:sand":34,"minecraft:ink_sac":33,"minecraft:bundle":3,"minecraft:diamond":7,"magistuarmory:corruptedroundshield":2,"minecraft:granite":33,"minecraft:golden_apple":1,"minecraft:bread":8,"minecraft:oak_leaves":2,"iceandfire:raw_silver":11,"minecraft:cocoa_beans":9,"minecraft:crafting_table":1,"minecraft:chest_minecart":8,"minecraft:wooden_pickaxe":2,"minecraft:chain":2,"minecraft:wooden_sword":2,"minecraft:iron_shovel":1,"minecraft:cracked_stone_bricks":3,"minecraft:detector_rail":6,"minecraft:beef":7,"minecraft:poppy":1,"minecraft:light_gray_wool":41,"supplementaries:rope":9,"minecraft:raw_iron":171,"minecraft:copper_ingot":1,"minecraft:bowl":1,"minecraft:redstone":64,"minecraft:arrow":9,"minecraft:beetroot_seeds":147,"minecraft:glow_berries":40,"minecraft:mutton":22,"minecraft:white_wool":69,"minecraft:rail":24,"minecraft:leather":6,"minecraft:gunpowder":1,"minecraft:heart_pottery_sherd":1,"tombstone:gift":4,"minecraft:cooked_mutton":1,"minecraft:rabbit_hide":1,"minecraft:iron_ingot":64,"tombstone:tablet_of_guard":1,"minecraft:cooked_chicken":1,"tombstone:bag_of_seeds":1,"minecraft:iron_sword":2,"minecraft:oak_slab":3,"minecraft:smooth_basalt":1,"minecraft:pumpkin":4,"magistuarmory:rustedchainmail_chestplate":1,"minecraft:dandelion":3,"minecraft:gravel":94,"minecraft:amethyst_shard":64,"minecraft:white_bed":7,"magistuarmory:rustedchainmail_leggings":1,"minecraft:pumpkin_seeds":2,"minecraft:stone_axe":1,"minecraft:gray_wool":47,"minecraft:black_wool":15,"minecraft:melon_seeds":6,"minecraft:coal":99},"minecraft:dropped":{"minecraft:iron_sword":6,"minecraft:cooked_beef":6,"minecraft:baked_potato":24,"magistuarmory:rustedcrusader_chestplate":4,"minecraft:chest_minecart":6,"minecraft:jungle_planks":2,"minecraft:cracked_stone_bricks":3,"minecraft:rail":12,"minecraft:cod":6,"minecraft:dirt":287,"supplementaries:rope":4,"minecraft:wooden_sword":6,"supplementaries:flax":1,"minecraft:gold_nugget":7,"minecraft:sand":10,"magistuarmory:corruptedroundshield":2,"minecraft:iron_pickaxe":2,"minecraft:white_wool":15,"minecraft:bone":4,"magistuarmory:rustedchainmail_leggings":1,"minecraft:gravel":84,"minecraft:stone_axe":2,"minecraft:compass":1,"minecraft:detector_rail":3,"minecraft:cobbled_deepslate":67,"minecraft:wheat":16,"tombstone:gift":4,"minecraft:rotten_flesh":36,"wardrobe:ocelot_skin":1,"minecraft:oak_planks":10,"minecraft:cooked_mutton":16,"minecraft:white_bed":1,"minecraft:poppy":1,"supplementaries:flax_seeds":8,"minecraft:beetroot_seeds":16,"minecraft:melon_seeds":6,"minecraft:leather_boots":1,"magistuarmory:rustedchainmail_chestplate":1,"magistuarmory:rustedchainmail_boots":2,"minecraft:oak_leaves":2,"minecraft:iron_ingot":3,"minecraft:bread":8,"minecraft:oak_slab":3,"minecraft:wheat_seeds":91,"minecraft:poisonous_potato":1,"minecraft:oak_fence":4,"minecraft:iron_helmet":1,"minecraft:cobblestone":793,"minecraft:granite":26,"minecraft:coal":8,"minecraft:stick":2,"minecraft:diorite":10,"minecraft:torch":2,"tombstone:grave_key":7,"minecraft:melon_slice":113,"minecraft:iron_leggings":1,"minecraft:string":7,"minecraft:dandelion":2,"minecraft:stone_sword":3,"minecraft:tuff":3,"minecraft:iron_boots":1,"minecraft:shield":1,"minecraft:iron_chestplate":1,"minecraft:andesite":31,"minecraft:mossy_stone_bricks":1,"minecraft:stone_pickaxe":3,"minecraft:wooden_pickaxe":4},"minecraft:broken":{"minecraft:iron_shovel":2,"minecraft:iron_boots":1,"minecraft:stone_pickaxe":5,"minecraft:iron_sword":1,"minecraft:stone_shovel":2,"minecraft:stone_sword":2,"minecraft:stone_hoe":1,"minecraft:wooden_pickaxe":2,"minecraft:iron_pickaxe":3,"minecraft:iron_helmet":1},"minecraft:killed":{"minecraft:spider":8,"minecraft:skeleton":11,"minecraft:pig":15,"minecraft:zombie_villager":1,"minecraft:creeper":2,"minecraft:sheep":15,"minecraft:pillager":2,"minecraft:zombie":52,"minecraft:cow":2,"minecraft:drowned":3,"minecraft:squid":15},"minecraft:mined":{"minecraft:white_bed":7,"minecraft:farmland":11,"minecraft:granite":28,"minecraft:budding_amethyst":2,"minecraft:grass_block":389,"minecraft:jungle_log":92,"minecraft:tall_seagrass":2,"minecraft:iron_ore":112,"minecraft:cobbled_deepslate":4,"minecraft:pumpkin":4,"minecraft:deepslate_lapis_ore":6,"minecraft:dirt_path":2,"minecraft:deepslate_redstone_ore":12,"minecraft:melon_stem":1,"minecraft:amethyst_cluster":16,"minecraft:torch":6,"minecraft:poppy":1,"minecraft:melon":52,"minecraft:cobblestone":50,"minecraft:oak_planks":5,"minecraft:wall_torch":5,"minecraft:amethyst_block":36,"minecraft:deepslate_copper_ore":1,"minecraft:seagrass":7,"minecraft:chain":2,"minecraft:wheat":182,"minecraft:grass":324,"minecraft:beetroots":62,"minecraft:sand":37,"minecraft:dirt":227,"minecraft:smooth_basalt":2,"minecraft:oak_leaves":4,"minecraft:deepslate":315,"minecraft:tuff":7,"iceandfire:silver_ore":7,"minecraft:deepslate_diamond_ore":7,"minecraft:glow_lichen":2,"minecraft:jungle_planks":6,"iceandfire:deepslate_silver_ore":4,"minecraft:redstone_ore":6,"minecraft:furnace":1,"supplementaries:flax":4,"minecraft:andesite":46,"minecraft:potatoes":28,"minecraft:deepslate_iron_ore":54,"minecraft:vine":30,"minecraft:rail":2,"minecraft:stone":473,"minecraft:dandelion":3,"minecraft:oak_fence":3,"minecraft:crafting_table":1,"minecraft:tall_grass":13,"minecraft:copper_ore":30,"minecraft:lapis_ore":27,"minecraft:deepslate_gold_ore":38,"minecraft:diorite":42,"supplementaries:urn":16,"minecraft:black_wool":2,"minecraft:coal_ore":79,"minecraft:gravel":111,"minecraft:cobweb":11,"minecraft:cracked_stone_bricks":2,"minecraft:gold_ore":4,"minecraft:mossy_stone_bricks":2,"minecraft:fern":44}},"DataVersion":3465}