{"stats":{"minecraft:broken":{"minecraft:shears":1,"minecraft:iron_boots":4,"minecraft:iron_chestplate":2,"minecraft:iron_leggings":2,"minecraft:iron_sword":3,"minecraft:fishing_rod":1,"minecraft:iron_hoe":1,"minecraft:stone_sword":2,"minecraft:stone_hoe":1,"minecraft:wooden_pickaxe":2,"minecraft:shield":2,"minecraft:iron_axe":8,"minecraft:iron_pickaxe":20,"minecraft:iron_helmet":5,"mowziesmobs:umvuthana_mask_fear":1,"minecraft:iron_shovel":16,"minecraft:stone_pickaxe":5,"minecraft:stone_shovel":2},"minecraft:used":{"minecraft:beetroot":24,"minecraft:moss_block":2,"minecraft:chest":97,"minecraft:stone":214,"minecraft:lava_bucket":3,"iceandfire:ghost_chest":2,"minecraft:bow":211,"minecraft:oak_sapling":1,"minecraft:cooked_cod":5,"minecraft:furnace":22,"minecraft:egg":151,"minecraft:potato":704,"minecraft:diorite":2,"minecraft:mossy_stone_bricks":1,"minecraft:wooden_pickaxe":116,"minecraft:jungle_pressure_plate":1,"minecraft:glow_berries":40,"minecraft:golden_apple":5,"minecraft:sand":18,"minecraft:pumpkin_seeds":22,"minecraft:birch_fence":8,"minecraft:stone_button":1,"minecraft:oak_pressure_plate":3,"supplementaries:flax_seeds":10,"minecraft:wooden_sword":40,"minecraft:oak_boat":6,"minecraft:iron_bars":20,"minecraft:enchanting_table":1,"minecraft:stone_sword":258,"minecraft:cooked_salmon":1,"minecraft:netherrack":94,"minecraft:torch":1371,"minecraft:anvil":1,"minecraft:oak_fence_gate":3,"minecraft:iron_axe":2230,"minecraft:rooted_dirt":1,"minecraft:jungle_log":8,"minecraft:melon_seeds":34,"tombstone:gift":2,"minecraft:cobbled_deepslate":656,"minecraft:wheat_seeds":918,"minecraft:water_bucket":100,"minecraft:birch_planks":64,"minecraft:cauldron":1,"minecraft:oak_slab":142,"minecraft:crafting_table":30,"supplementaries:bomb":2,"minecraft:white_bed":48,"minecraft:oak_log":10,"minecraft:diamond_pickaxe":21,"minecraft:iron_pickaxe":6397,"minecraft:oak_button":7,"supplementaries:rope":2,"minecraft:cobblestone":777,"minecraft:cooked_porkchop":30,"minecraft:glass_pane":260,"minecraft:stripped_oak_log":157,"minecraft:dandelion":1,"magistuarmory:rusted_heavymace":5,"minecraft:iron_shovel":4496,"minecraft:oak_sign":52,"minecraft:shield":277,"minecraft:iron_sword":2301,"minecraft:iron_chestplate":2,"minecraft:jungle_planks":171,"minecraft:tuff":22,"minecraft:obsidian":18,"minecraft:glass":67,"minecraft:lantern":30,"minecraft:light_blue_bed":1,"minecraft:magma_block":2,"minecraft:beetroot_seeds":85,"minecraft:stone_pickaxe":648,"minecraft:oak_planks":971,"minecraft:sandstone":12,"minecraft:sugar_cane":49,"minecraft:white_wool":211,"minecraft:cobbled_deepslate_stairs":33,"minecraft:shears":130,"minecraft:birch_fence_gate":2,"minecraft:melon_slice":231,"minecraft:bread":175,"minecraft:iron_door":3,"minecraft:gravel":125,"minecraft:andesite":35,"minecraft:coarse_dirt":1,"minecraft:bone_meal":27,"minecraft:experience_bottle":7,"minecraft:oak_fence":201,"minecraft:flint_and_steel":1,"minecraft:stone_shovel":262,"minecraft:redstone":1,"minecraft:stone_hoe":174,"minecraft:cooked_chicken":4,"minecraft:dirt":3480,"minecraft:spruce_stairs":1,"minecraft:cobblestone_wall":5,"minecraft:granite":21,"minecraft:iron_hoe":571,"minecraft:bookshelf":109,"minecraft:light_gray_wool":8,"minecraft:cooked_beef":11,"minecraft:enchanted_golden_apple":1,"minecraft:light_gray_bed":12,"minecraft:cobbled_deepslate_wall":85,"minecraft:cooked_mutton":60,"minecraft:amethyst_block":2,"minecraft:baked_potato":337,"minecraft:black_wool":2,"minecraft:apple":1,"minecraft:map":1,"minecraft:stone_axe":67,"minecraft:fishing_rod":147,"minecraft:crimson_fungus":1,"minecraft:jungle_door":2,"minecraft:bucket":104},"minecraft:custom":{"minecraft:interact_with_crafting_table":278,"minecraft:open_barrel":7,"minecraft:eat_cake_slice":10,"minecraft:leave_game":41,"minecraft:time_since_death":63639,"minecraft:damage_blocked_by_shield":17405,"minecraft:play_time":3213290,"minecraft:deaths":62,"minecraft:jump":27812,"minecraft:enchant_item":5,"minecraft:interact_with_furnace":467,"minecraft:traded_with_villager":5,"minecraft:sleep_in_bed":115,"minecraft:damage_dealt":76073,"tombstone:undead_killed":229,"minecraft:interact_with_smoker":2,"minecraft:horse_one_cm":1062,"minecraft:interact_with_smithing_table":3,"minecraft:interact_with_anvil":12,"minecraft:sneak_time":6791,"minecraft:total_world_time":3213290,"tombstone:raider_killed":7,"minecraft:interact_with_stonecutter":1,"minecraft:time_since_rest":34509,"tombstone:cast_on_ally":1,"minecraft:swim_one_cm":376469,"minecraft:fly_one_cm":3784382,"minecraft:open_chest":1183,"minecraft:fish_caught":61,"minecraft:fall_one_cm":430435,"minecraft:animals_bred":346,"minecraft:damage_resisted":151,"minecraft:sprint_one_cm":7233536,"minecraft:drop":886,"minecraft:talked_to_villager":88,"minecraft:walk_on_water_one_cm":646368,"minecraft:player_kills":1,"minecraft:crouch_one_cm":36209,"minecraft:mob_kills":592,"minecraft:fill_cauldron":1,"minecraft:climb_one_cm":69077,"minecraft:walk_one_cm":11431305,"minecraft:walk_under_water_one_cm":359087,"minecraft:boat_one_cm":1755276,"minecraft:interact_with_grindstone":1,"minecraft:damage_taken":2147483647,"minecraft:damage_absorbed":342,"minecraft:trigger_trapped_chest":3},"minecraft:dropped":{"minecraft:iron_sword":17,"iceandfire:raw_silver":2,"minecraft:lapis_lazuli":23,"minecraft:cooked_beef":15,"minecraft:diamond":1,"minecraft:spore_blossom":1,"minecraft:glow_berries":9,"minecraft:cracked_stone_bricks":6,"minecraft:rail":52,"minecraft:leather_helmet":2,"minecraft:item_frame":1,"minecraft:emerald":12,"minecraft:dirt":353,"minecraft:birch_fence":11,"supplementaries:rope":4,"alexsmobs:roadrunner_feather":1,"magistuarmory:rusted_bastardsword":2,"minecraft:gold_nugget":7,"supplementaries:flax":5,"minecraft:wooden_sword":6,"minecraft:bone_meal":1,"minecraft:sand":45,"minecraft:sugar":1,"minecraft:iron_pickaxe":17,"magistuarmory:corruptedroundshield":8,"minecraft:fishing_rod":3,"minecraft:white_wool":20,"minecraft:bone":43,"magistuarmory:rustedchainmail_leggings":5,"minecraft:stone_axe":2,"minecraft:compass":1,"minecraft:sugar_cane":7,"minecraft:iron_nugget":17,"minecraft:detector_rail":3,"minecraft:cobbled_deepslate":515,"minecraft:birch_sapling":10,"minecraft:wheat":26,"tombstone:gift":4,"minecraft:rotten_flesh":215,"wardrobe:ocelot_skin":1,"minecraft:oak_planks":38,"minecraft:birch_wood":6,"minecraft:azure_bluet":6,"minecraft:white_bed":4,"supplementaries:flax_seeds":47,"iceandfire:ghost_chest":3,"minecraft:quartz_block":26,"minecraft:leather_boots":1,"minecraft:leather_leggings":7,"minecraft:glass":65,"minecraft:beef":6,"iceandfire:manuscript":11,"minecraft:egg":3,"minecraft:enchanted_book":1,"minecraft:iron_ingot":28,"minecraft:black_dye":1,"minecraft:wheat_seeds":1139,"minecraft:cobbled_deepslate_stairs":35,"minecraft:oak_fence":4,"minecraft:iron_helmet":9,"minecraft:feather":1,"minecraft:cobblestone":940,"minecraft:book":1,"mowziesmobs:umvuthana_mask_fear":1,"minecraft:apple":14,"minecraft:granite":36,"minecraft:coal":45,"minecraft:golden_apple":4,"minecraft:oxeye_daisy":1,"minecraft:cobweb":8,"magistuarmory:rustedbarbute":2,"minecraft:smooth_stone":3,"minecraft:iron_shovel":5,"minecraft:paper":1,"minecraft:string":13,"minecraft:lily_pad":1,"minecraft:stone_brick_slab":1,"minecraft:stone_sword":3,"minecraft:deepslate":1,"minecraft:chicken":1,"minecraft:clay_ball":12,"minecraft:iron_boots":8,"magistuarmory:rusted_heavymace":4,"minecraft:diamond_sword":1,"minecraft:stone":31,"minecraft:bundle":4,"iceandfire:silver_ingot":1,"minecraft:spider_eye":2,"minecraft:stone_bricks":1,"minecraft:sandstone":3,"minecraft:bow":6,"minecraft:black_wool":129,"minecraft:birch_planks":17,"minecraft:moss_block":7,"minecraft:brown_mushroom":1,"minecraft:oak_log":4,"minecraft:baked_potato":153,"magistuarmory:rustedcrusader_chestplate":4,"minecraft:sandstone_slab":11,"minecraft:lantern":1,"minecraft:chest_minecart":6,"minecraft:leather":11,"minecraft:jungle_planks":4,"minecraft:red_wool":2,"magistuarmory:rustednorman_helmet":2,"alexsmobs:bison_fur":4,"iceandfire:graveyard_soil":4,"minecraft:cod":6,"minecraft:cobblestone_stairs":1,"tombstone:bag_of_seeds":1,"minecraft:cornflower":6,"minecraft:mutton":2,"minecraft:crimson_roots":6,"minecraft:pumpkin_pie":1,"minecraft:amethyst_shard":17,"minecraft:birch_log":31,"minecraft:gravel":221,"minecraft:crimson_fungus":1,"minecraft:mangrove_roots":1,"minecraft:beetroot":8,"minecraft:cooked_mutton":22,"minecraft:carrot":1,"supplementaries:antique_ink":4,"minecraft:poppy":7,"minecraft:leather_chestplate":2,"supplementaries:ash":105,"minecraft:gunpowder":20,"minecraft:beetroot_seeds":16,"minecraft:melon_seeds":6,"minecraft:azalea":1,"magistuarmory:rustedchainmail_chestplate":3,"minecraft:arrow":52,"magistuarmory:rustedchainmail_boots":4,"minecraft:quartz":1,"iceandfire:deathworm_chitin_yellow":6,"minecraft:oak_leaves":2,"minecraft:netherrack":94,"minecraft:water_bucket":1,"minecraft:bread":32,"minecraft:oak_slab":3,"minecraft:vine":1,"minecraft:mossy_cobblestone":1,"minecraft:poisonous_potato":8,"minecraft:mangrove_propagule":2,"minecraft:amethyst_block":11,"minecraft:spruce_stairs":2,"minecraft:stick":114,"minecraft:diorite":80,"minecraft:torch":172,"tombstone:grave_key":10,"minecraft:melon_slice":113,"tombstone:grave_dust":4,"minecraft:iron_leggings":8,"minecraft:jungle_leaves":19,"minecraft:flowering_azalea":15,"minecraft:iron_axe":2,"minecraft:dandelion":72,"minecraft:smooth_basalt":2,"minecraft:redstone":84,"minecraft:jungle_pressure_plate":1,"minecraft:kelp":5,"minecraft:raw_copper":21,"alexsmobs:tarantula_hawk_wing_fragment":2,"minecraft:tuff":85,"minecraft:light_gray_wool":39,"minecraft:iron_hoe":2,"minecraft:stripped_oak_log":286,"minecraft:glass_pane":90,"minecraft:shield":15,"magistuarmory:rustedchainmail_helmet":4,"minecraft:iron_chestplate":7,"minecraft:andesite":84,"minecraft:mossy_stone_bricks":2,"minecraft:light_gray_bed":2,"minecraft:oak_sapling":67,"minecraft:stone_pickaxe":3,"minecraft:wooden_pickaxe":4,"minecraft:calcite":2},"minecraft:killed":{"alexsmobs:murmur":1,"minecraft:skeleton":61,"minecraft:chicken":43,"mowziesmobs:foliaath":1,"minecraft:tropical_fish":2,"minecraft:salmon":2,"minecraft:pillager":7,"minecraft:zombie":159,"minecraft:cow":32,"alexsmobs:guster":5,"alexsmobs:catfish":2,"iceandfire:ghost":3,"minecraft:enderman":2,"minecraft:spider":29,"minecraft:piglin":3,"minecraft:pig":15,"minecraft:zombie_villager":2,"minecraft:creeper":21,"alexsmobs:crimson_mosquito":25,"minecraft:sheep":78,"alexsmobs:tarantula_hawk":2,"minecraft:slime":31,"alexsmobs:bison":1,"minecraft:drowned":3,"iceandfire:deathworm":2,"minecraft:hoglin":5,"minecraft:squid":19},"minecraft:picked_up":{"minecraft:iron_chestplate":10,"minecraft:chainmail_boots":1,"minecraft:diamond_sword":1,"minecraft:oak_stairs":4,"minecraft:enchanted_book":4,"minecraft:amethyst_block":85,"iceandfire:manuscript":7,"minecraft:music_disc_cat":1,"minecraft:string":36,"minecraft:pufferfish":4,"minecraft:shroomlight":2,"minecraft:beetroot":115,"minecraft:gold_nugget":301,"minecraft:cobbled_deepslate":1433,"minecraft:spruce_planks":1,"minecraft:melon_slice":369,"minecraft:big_dripleaf":2,"minecraft:acacia_log":7,"magistuarmory:rusted_heavymace":8,"magistuarmory:rustedcrusader_chestplate":4,"minecraft:stone_sword":3,"minecraft:light_gray_bed":12,"minecraft:tropical_fish":3,"iceandfire:deathworm_chitin_yellow":6,"minecraft:iron_block":1,"supplementaries:ash":189,"minecraft:iron_bars":2,"minecraft:birch_log":295,"minecraft:magma_block":2,"minecraft:feather":62,"minecraft:cooked_beef":11,"magistuarmory:rustedchainmail_boots":4,"minecraft:iron_door":1,"minecraft:jungle_log":135,"minecraft:jungle_wood":58,"alexsmobs:bison_fur":6,"minecraft:flint":47,"minecraft:map":1,"minecraft:lantern":9,"tombstone:familiar_receptacle":3,"minecraft:diamond_helmet":1,"minecraft:glowstone_dust":82,"minecraft:moss_block":9,"minecraft:birch_fence_gate":2,"wardrobe:ocelot_skin":2,"minecraft:ink_sac":41,"minecraft:dark_oak_log":42,"minecraft:bundle":13,"minecraft:iron_hoe":1,"minecraft:writable_book":1,"minecraft:granite":58,"alexsmobs:tarantula_hawk_wing_fragment":3,"minecraft:golden_horse_armor":3,"minecraft:bread":104,"minecraft:rooted_dirt":1,"minecraft:diamond_pickaxe":1,"minecraft:crimson_roots":25,"iceandfire:raw_silver":23,"minecraft:crafting_table":5,"minecraft:coarse_dirt":1,"minecraft:sandstone_slab":11,"minecraft:clay_ball":12,"minecraft:leather_leggings":7,"minecraft:cornflower":6,"alexsmobs:cooked_catfish":2,"minecraft:compass":1,"minecraft:iron_shovel":2,"minecraft:glass_pane":13,"supplementaries:bomb":2,"iceandfire:graveyard_soil":2,"minecraft:cracked_stone_bricks":5,"minecraft:beef":78,"minecraft:iron_nugget":64,"minecraft:poppy":7,"supplementaries:rope":18,"minecraft:chest":40,"minecraft:birch_sapling":11,"minecraft:egg":161,"minecraft:sandstone":15,"minecraft:stone":45,"magistuarmory:rustedbarbute":2,"minecraft:carrot":64,"minecraft:redstone":294,"minecraft:beetroot_seeds":215,"minecraft:hay_block":204,"minecraft:shears":1,"minecraft:diamond_boots":3,"tombstone:essence_of_undeath":2,"minecraft:gold_ingot":3,"minecraft:glow_berries":49,"minecraft:mutton":115,"minecraft:white_wool":108,"minecraft:rail":163,"minecraft:oxeye_daisy":2,"minecraft:stripped_oak_log":608,"minecraft:tripwire_hook":1,"minecraft:filled_map":1,"minecraft:oak_log":1241,"minecraft:paper":1,"tombstone:gift":4,"minecraft:apple":29,"minecraft:stone_bricks":8,"minecraft:kelp":5,"mowziesmobs:foliaath_seed":2,"minecraft:spore_blossom":1,"tombstone:tablet_of_guard":2,"minecraft:cobweb":8,"tombstone:bag_of_seeds":4,"minecraft:iron_sword":11,"minecraft:flowering_azalea":15,"minecraft:smooth_basalt":3,"minecraft:red_wool":2,"minecraft:gravel":435,"magistuarmory:rustednorman_helmet":2,"magistuarmory:rustedchainmail_leggings":7,"minecraft:leather_helmet":2,"tombstone:scroll_of_true_sight":1,"minecraft:firework_rocket":1,"minecraft:slime_ball":17,"minecraft:stone_axe":1,"minecraft:gray_wool":53,"minecraft:oak_button":1,"mowziesmobs:umvuthana_mask_fear":2,"minecraft:baked_potato":53,"minecraft:melon_seeds":6,"minecraft:mangrove_propagule":2,"minecraft:ender_pearl":3,"minecraft:wheat":751,"supplementaries:bomb_blue":4,"tombstone:grave_key":5,"minecraft:raw_copper":233,"minecraft:iron_leggings":9,"minecraft:armor_stand":8,"minecraft:zombie_head":4,"minecraft:experience_bottle":6,"minecraft:oak_sign":19,"minecraft:activator_rail":12,"alexsmobs:blood_sac":15,"minecraft:tnt_minecart":1,"minecraft:smooth_stone":3,"minecraft:bucket":2,"minecraft:eye_armor_trim_smithing_template":1,"minecraft:calcite":2,"minecraft:azalea":1,"minecraft:iron_pickaxe":15,"alexsmobs:raccoon_tail":2,"minecraft:iron_boots":12,"minecraft:furnace":15,"tombstone:scroll_of_lightning_resistance":2,"minecraft:stick":292,"iceandfire:ghost_chest":5,"minecraft:jungle_door":4,"minecraft:oak_fence":122,"minecraft:torch":962,"minecraft:spruce_stairs":3,"minecraft:porkchop":39,"iceandfire:rotten_egg":5,"tombstone:grave_dust":13,"minecraft:diorite":60,"minecraft:vine":1,"supplementaries:flax":9,"minecraft:rotten_flesh":214,"supplementaries:antique_ink":26,"alexsmobs:emu_egg":4,"minecraft:mangrove_roots":1,"minecraft:obsidian":29,"minecraft:cod":21,"minecraft:cobblestone":2440,"minecraft:leather_chestplate":2,"minecraft:jungle_pressure_plate":1,"minecraft:andesite":109,"minecraft:golden_leggings":1,"minecraft:potato":1940,"minecraft:tuff":108,"supplementaries:flax_seeds":56,"minecraft:lapis_lazuli":239,"minecraft:dirt":4551,"minecraft:name_tag":2,"minecraft:leather_boots":3,"minecraft:glass":179,"minecraft:bone":234,"minecraft:bow":22,"minecraft:wheat_seeds":2498,"minecraft:cobbled_deepslate_wall":11,"minecraft:raw_gold":106,"minecraft:birch_wood":6,"minecraft:mossy_stone_bricks":3,"minecraft:fletching_table":1,"minecraft:bamboo":9,"minecraft:oak_planks":310,"minecraft:music_disc_13":1,"minecraft:oak_pressure_plate":3,"minecraft:poisonous_potato":8,"minecraft:sand":541,"minecraft:jungle_planks":11,"minecraft:chiseled_sandstone":2,"minecraft:mossy_cobblestone":1,"minecraft:jungle_leaves":19,"minecraft:sugar":1,"minecraft:diamond":108,"magistuarmory:corruptedroundshield":8,"minecraft:crossbow":1,"minecraft:bone_meal":2,"minecraft:golden_apple":1,"minecraft:emerald":170,"minecraft:oak_sapling":79,"minecraft:netherrack":367,"minecraft:oak_leaves":87,"minecraft:fishing_rod":3,"minecraft:cocoa_beans":66,"minecraft:azure_bluet":6,"minecraft:chicken":50,"minecraft:chest_minecart":8,"minecraft:wooden_pickaxe":2,"alexsmobs:roadrunner_feather":1,"minecraft:stone_brick_wall":5,"minecraft:chain":4,"minecraft:shield":5,"minecraft:iron_axe":5,"minecraft:wooden_sword":2,"minecraft:item_frame":17,"minecraft:birch_fence":33,"minecraft:detector_rail":9,"tombstone:scroll_of_unstable_intangibility":2,"minecraft:oak_boat":4,"minecraft:light_gray_wool":77,"minecraft:sugar_cane":146,"minecraft:raw_iron":992,"minecraft:copper_ingot":1,"minecraft:bowl":1,"minecraft:stone_button":6,"minecraft:light_blue_bed":1,"iceandfire:silver_ingot":2,"minecraft:arrow":125,"minecraft:pumpkin_pie":2,"minecraft:skeleton_skull":3,"minecraft:salmon":11,"minecraft:leather":54,"minecraft:birch_planks":63,"minecraft:crimson_fungus":5,"minecraft:chainmail_chestplate":1,"iceandfire:ectoplasm":4,"minecraft:gunpowder":43,"minecraft:nether_wart_block":2,"minecraft:cobbled_deepslate_stairs":36,"minecraft:cobblestone_wall":5,"minecraft:cobblestone_stairs":1,"minecraft:heart_pottery_sherd":3,"minecraft:cooked_mutton":26,"minecraft:rabbit_hide":2,"minecraft:iron_ingot":142,"minecraft:cooked_chicken":1,"minecraft:acacia_sapling":5,"minecraft:book":338,"minecraft:oak_slab":27,"minecraft:pumpkin":13,"magistuarmory:rustedchainmail_chestplate":3,"minecraft:stone_brick_slab":1,"minecraft:quartz":222,"minecraft:dandelion":73,"minecraft:lava_bucket":1,"minecraft:amethyst_shard":209,"minecraft:white_bed":52,"minecraft:spider_eye":5,"minecraft:pumpkin_seeds":3,"magistuarmory:rustedchainmail_helmet":5,"magistuarmory:rusted_bastardsword":1,"minecraft:iron_helmet":10,"tombstone:magic_scroll":3,"minecraft:black_wool":1194,"minecraft:coal":1044},"minecraft:killed_by":{"minecraft:pillager":1,"minecraft:zombie":11,"alexsmobs:giant_squid":2,"iceandfire:ghost":3,"minecraft:creeper":9,"alexsmobs:murmur_head":2,"minecraft:piglin":1,"alexsmobs:crocodile":1,"iceandfire:fire_dragon":4,"minecraft:enderman":2,"iceandfire:gorgon":1,"minecraft:hoglin":1,"minecraft:skeleton":18,"alexsmobs:crimson_mosquito":2},"minecraft:mined":{"minecraft:white_bed":48,"minecraft:jungle_leaves":34,"minecraft:obsidian":16,"minecraft:granite":52,"minecraft:acacia_log":2,"minecraft:stone_brick_wall":3,"minecraft:jungle_log":143,"minecraft:light_gray_bed":11,"minecraft:oak_pressure_plate":3,"minecraft:crimson_fungus":7,"minecraft:oak_wall_sign":16,"minecraft:oxeye_daisy":1,"minecraft:tall_seagrass":4,"minecraft:magma_block":3,"minecraft:cobbled_deepslate":169,"minecraft:fire":2,"minecraft:pumpkin":13,"minecraft:moss_carpet":2,"minecraft:fletching_table":1,"minecraft:deepslate_lapis_ore":13,"minecraft:cave_vines":9,"iceandfire:gold_pile":3,"minecraft:oak_sign":1,"minecraft:dirt_path":2,"minecraft:oak_stairs":2,"minecraft:iron_block":1,"minecraft:sandstone_slab":11,"minecraft:cut_sandstone":1,"minecraft:crimson_nylium":49,"minecraft:amethyst_cluster":32,"minecraft:torch":32,"minecraft:melon":71,"minecraft:dead_bush":2,"minecraft:glass":2,"minecraft:sugar_cane":85,"minecraft:amethyst_block":45,"minecraft:skeleton_skull":1,"minecraft:chain":2,"minecraft:jungle_wood":59,"minecraft:wheat":766,"minecraft:grass":1224,"minecraft:smooth_basalt":8,"minecraft:deepslate":1034,"minecraft:attached_pumpkin_stem":1,"iceandfire:silver_ore":7,"minecraft:mossy_cobblestone":1,"minecraft:dark_oak_log":42,"minecraft:spruce_fence":1,"minecraft:jungle_planks":6,"minecraft:crimson_roots":20,"minecraft:redstone_wire":1,"iceandfire:deepslate_silver_ore":4,"minecraft:moss_block":18,"minecraft:redstone_ore":12,"supplementaries:flax":4,"minecraft:andesite":97,"minecraft:potatoes":599,"minecraft:vine":80,"minecraft:rail":4,"minecraft:white_wool":21,"minecraft:oak_slab":20,"minecraft:glass_pane":14,"minecraft:hanging_roots":1,"minecraft:stone_brick_slab":1,"minecraft:dandelion":33,"minecraft:smooth_sandstone":2,"minecraft:cobbled_deepslate_wall":11,"minecraft:cornflower":2,"minecraft:tall_grass":76,"minecraft:copper_ore":40,"minecraft:deepslate_gold_ore":62,"minecraft:diorite":114,"minecraft:big_dripleaf":1,"minecraft:coarse_dirt":1,"minecraft:light_blue_bed":2,"minecraft:cobblestone_wall":5,"minecraft:birch_leaves":14,"minecraft:mangrove_leaves":11,"minecraft:gravel":501,"minecraft:cobweb":11,"minecraft:stone_bricks":3,"minecraft:gold_ore":33,"minecraft:fern":48,"minecraft:spruce_planks":1,"minecraft:farmland":12,"minecraft:cobbled_deepslate_stairs":11,"minecraft:cobblestone_stairs":1,"minecraft:cave_vines_plant":11,"minecraft:budding_amethyst":6,"minecraft:grass_block":2965,"minecraft:smooth_stone":3,"minecraft:glowstone":23,"minecraft:iron_ore":710,"minecraft:flowering_azalea_leaves":4,"minecraft:iron_bars":2,"minecraft:birch_wall_sign":3,"minecraft:jungle_pressure_plate":1,"minecraft:azalea_leaves":9,"minecraft:azalea":1,"minecraft:deepslate_redstone_ore":40,"minecraft:melon_stem":3,"minecraft:clay":9,"minecraft:calcite":9,"minecraft:poppy":5,"iceandfire:ghost_chest":4,"minecraft:chest":40,"minecraft:nether_quartz_ore":252,"minecraft:cobblestone":167,"minecraft:oak_planks":91,"minecraft:wall_torch":28,"minecraft:deepslate_copper_ore":1,"minecraft:seagrass":9,"minecraft:nether_wart_block":2,"minecraft:birch_log":233,"minecraft:light_gray_wool":8,"minecraft:oak_log":791,"minecraft:beetroots":72,"minecraft:sand":469,"minecraft:dirt":1347,"minecraft:raw_copper_block":1,"minecraft:netherrack":373,"minecraft:oak_leaves":466,"minecraft:nether_gold_ore":3,"minecraft:diamond_ore":5,"minecraft:tuff":67,"minecraft:dark_oak_leaves":15,"minecraft:deepslate_diamond_ore":29,"minecraft:mangrove_roots":1,"minecraft:glow_lichen":2,"minecraft:weeping_vines":2,"minecraft:spruce_leaves":22,"minecraft:mangrove_propagule":2,"minecraft:sandstone":22,"minecraft:rooted_dirt":18,"minecraft:hay_block":120,"minecraft:spore_blossom":1,"minecraft:furnace":11,"minecraft:carrots":19,"minecraft:chiseled_sandstone":2,"minecraft:bookshelf":118,"minecraft:deepslate_iron_ore":246,"minecraft:shroomlight":2,"minecraft:lantern":2,"minecraft:stripped_oak_log":529,"minecraft:stone":2157,"minecraft:scaffolding":3,"minecraft:flowering_azalea":16,"minecraft:oak_fence":11,"minecraft:crafting_table":5,"minecraft:deepslate_coal_ore":2,"minecraft:lapis_ore":49,"minecraft:lily_pad":1,"supplementaries:urn":170,"minecraft:spruce_stairs":3,"minecraft:birch_planks":6,"minecraft:cactus":5,"minecraft:black_wool":14,"minecraft:coal_ore":810,"minecraft:cocoa":4,"minecraft:cracked_stone_bricks":2,"minecraft:small_dripleaf":4,"minecraft:mossy_stone_bricks":2,"minecraft:birch_fence":29},"minecraft:crafted":{"minecraft:black_dye":39,"minecraft:oak_sign":39,"minecraft:oak_pressure_plate":3,"minecraft:bookshelf":109,"minecraft:cooked_mutton":122,"minecraft:iron_bars":48,"minecraft:quartz_block":26,"minecraft:glass":329,"minecraft:melon_seeds":34,"minecraft:iron_door":3,"minecraft:black_wool":16,"minecraft:deepslate":1,"minecraft:emerald":1,"minecraft:cooked_porkchop":30,"minecraft:jungle_pressure_plate":1,"minecraft:copper_ingot":14,"minecraft:cobbled_deepslate_wall":126,"minecraft:light_gray_bed":2,"minecraft:compass":1,"minecraft:iron_pickaxe":30,"minecraft:iron_block":3,"minecraft:gold_ingot":105,"minecraft:stone_shovel":2,"minecraft:iron_nugget":180,"minecraft:bone_meal":237,"minecraft:lantern":22,"minecraft:stone_pickaxe":8,"minecraft:cobbled_deepslate_stairs":32,"minecraft:dark_oak_planks":168,"minecraft:wheat":828,"minecraft:enchanting_table":1,"minecraft:oak_fence_gate":3,"minecraft:golden_apple":13,"minecraft:flint":20,"minecraft:iron_shovel":17,"minecraft:iron_leggings":7,"minecraft:white_bed":5,"minecraft:oak_planks":2722,"minecraft:birch_wood":6,"minecraft:cooked_chicken":28,"minecraft:stone":716,"minecraft:iron_boots":7,"minecraft:chest":64,"minecraft:oak_button":6,"minecraft:stone_hoe":1,"minecraft:oak_fence":114,"minecraft:oak_slab":186,"minecraft:arrow":252,"minecraft:cauldron":1,"minecraft:crafting_table":25,"minecraft:iron_helmet":7,"minecraft:wooden_pickaxe":4,"minecraft:baked_potato":1313,"minecraft:birch_planks":148,"minecraft:pumpkin_seeds":20,"minecraft:book":29,"minecraft:iron_chestplate":7,"minecraft:paper":87,"minecraft:shield":16,"minecraft:stick":616,"minecraft:iron_ingot":1025,"minecraft:stone_sword":3,"minecraft:shears":3,"minecraft:wooden_sword":4,"minecraft:fishing_rod":3,"minecraft:furnace":7,"minecraft:glass_pane":384,"minecraft:flint_and_steel":1,"minecraft:iron_axe":6,"minecraft:iron_hoe":3,"minecraft:cobblestone_wall":30,"minecraft:cooked_beef":65,"minecraft:cooked_cod":5,"minecraft:diamond_sword":1,"minecraft:iron_sword":20,"minecraft:cooked_salmon":3,"minecraft:bucket":4,"minecraft:stone_axe":1,"minecraft:bread":251,"minecraft:jungle_planks":468,"minecraft:oak_boat":3,"minecraft:jungle_door":3,"minecraft:white_wool":148,"minecraft:white_dye":148,"minecraft:anvil":1,"minecraft:acacia_planks":8,"minecraft:torch":900}},"DataVersion":3465}