{"stats":{"minecraft:broken":{"minecraft:iron_shovel":2,"minecraft:stone_pickaxe":5,"minecraft:iron_sword":1,"minecraft:stone_shovel":2,"minecraft:stone_sword":2,"minecraft:stone_hoe":1,"minecraft:wooden_pickaxe":2,"minecraft:iron_pickaxe":1},"minecraft:used":{"minecraft:beetroot":4,"minecraft:iron_shovel":260,"minecraft:chest":4,"minecraft:shield":32,"minecraft:iron_sword":507,"minecraft:jungle_planks":171,"minecraft:furnace":1,"minecraft:cooked_cod":5,"minecraft:beetroot_seeds":55,"minecraft:potato":28,"minecraft:mossy_stone_bricks":1,"minecraft:diorite":2,"minecraft:stone_pickaxe":648,"minecraft:wooden_pickaxe":116,"minecraft:golden_apple":1,"minecraft:glow_berries":40,"minecraft:shears":2,"minecraft:pumpkin_seeds":6,"minecraft:bread":5,"minecraft:melon_slice":144,"minecraft:gravel":12,"supplementaries:flax_seeds":10,"minecraft:wooden_sword":40,"minecraft:andesite":22,"minecraft:oak_boat":1,"minecraft:bone_meal":27,"minecraft:oak_fence":39,"minecraft:stone_sword":258,"minecraft:stone_shovel":262,"minecraft:cooked_salmon":1,"minecraft:stone_hoe":174,"minecraft:cooked_chicken":2,"minecraft:torch":170,"minecraft:dirt":369,"minecraft:granite":7,"minecraft:oak_fence_gate":2,"minecraft:iron_hoe":173,"minecraft:jungle_log":8,"minecraft:melon_seeds":16,"minecraft:cooked_beef":5,"minecraft:cobbled_deepslate":49,"minecraft:enchanted_golden_apple":1,"minecraft:wheat_seeds":182,"minecraft:cooked_mutton":1,"minecraft:water_bucket":44,"minecraft:crafting_table":8,"minecraft:white_bed":8,"minecraft:iron_pickaxe":583,"minecraft:stone_axe":67,"minecraft:fishing_rod":80,"minecraft:cobblestone":172,"minecraft:cooked_porkchop":12,"minecraft:jungle_door":2,"minecraft:bucket":43,"minecraft:dandelion":1},"minecraft:custom":{"minecraft:animals_bred":40,"minecraft:interact_with_crafting_table":58,"minecraft:eat_cake_slice":5,"minecraft:leave_game":4,"minecraft:time_since_death":27792,"minecraft:damage_resisted":151,"minecraft:sprint_one_cm":1276839,"minecraft:damage_blocked_by_shield":1860,"minecraft:drop":175,"minecraft:talked_to_villager":1,"minecraft:play_time":631219,"minecraft:deaths":15,"minecraft:jump":4924,"minecraft:walk_on_water_one_cm":87010,"minecraft:interact_with_furnace":49,"minecraft:sleep_in_bed":11,"minecraft:damage_dealt":14899,"minecraft:player_kills":1,"minecraft:crouch_one_cm":30356,"tombstone:undead_killed":57,"minecraft:mob_kills":98,"minecraft:climb_one_cm":18549,"minecraft:walk_one_cm":2375978,"minecraft:sneak_time":5162,"minecraft:walk_under_water_one_cm":23575,"minecraft:boat_one_cm":1359292,"minecraft:total_world_time":631219,"minecraft:time_since_rest":26579,"minecraft:damage_taken":7959,"minecraft:damage_absorbed":180,"minecraft:fly_one_cm":446387,"minecraft:open_chest":98,"minecraft:fish_caught":30,"minecraft:fall_one_cm":61453},"minecraft:dropped":{"minecraft:iron_sword":5,"minecraft:cooked_beef":6,"magistuarmory:rustedcrusader_chestplate":3,"minecraft:chest_minecart":6,"minecraft:jungle_planks":2,"minecraft:cracked_stone_bricks":3,"minecraft:rail":12,"minecraft:cod":6,"minecraft:dirt":287,"supplementaries:rope":4,"supplementaries:flax":1,"minecraft:wooden_sword":6,"minecraft:sand":10,"minecraft:iron_pickaxe":2,"magistuarmory:corruptedroundshield":1,"minecraft:white_wool":15,"minecraft:bone":4,"magistuarmory:rustedchainmail_leggings":1,"minecraft:gravel":84,"minecraft:stone_axe":2,"minecraft:compass":1,"minecraft:detector_rail":3,"minecraft:cobbled_deepslate":67,"minecraft:wheat":16,"tombstone:gift":4,"minecraft:rotten_flesh":36,"wardrobe:ocelot_skin":1,"minecraft:oak_planks":10,"minecraft:cooked_mutton":16,"minecraft:poppy":1,"supplementaries:flax_seeds":8,"minecraft:melon_seeds":6,"minecraft:leather_boots":1,"magistuarmory:rustedchainmail_boots":2,"minecraft:oak_leaves":2,"minecraft:iron_ingot":3,"minecraft:bread":8,"minecraft:oak_slab":3,"minecraft:wheat_seeds":91,"minecraft:oak_fence":4,"minecraft:iron_helmet":1,"minecraft:cobblestone":789,"minecraft:granite":25,"minecraft:coal":8,"minecraft:stick":2,"minecraft:diorite":9,"minecraft:torch":2,"tombstone:grave_key":7,"minecraft:melon_slice":113,"minecraft:iron_leggings":1,"minecraft:string":7,"minecraft:dandelion":2,"minecraft:stone_sword":3,"minecraft:tuff":3,"minecraft:iron_boots":1,"minecraft:shield":1,"minecraft:iron_chestplate":1,"minecraft:andesite":31,"minecraft:mossy_stone_bricks":1,"minecraft:stone_pickaxe":3,"minecraft:wooden_pickaxe":4},"minecraft:killed":{"minecraft:spider":6,"minecraft:skeleton":7,"minecraft:pig":15,"minecraft:zombie_villager":1,"minecraft:creeper":2,"minecraft:sheep":13,"minecraft:zombie":48,"minecraft:cow":2,"minecraft:drowned":1},"minecraft:picked_up":{"minecraft:wheat":101,"minecraft:enchanted_book":1,"tombstone:grave_key":1,"minecraft:amethyst_block":36,"minecraft:string":18,"minecraft:raw_copper":128,"minecraft:pufferfish":1,"minecraft:beetroot":17,"minecraft:activator_rail":6,"minecraft:cobbled_deepslate":155,"minecraft:gold_nugget":55,"minecraft:iron_pickaxe":1,"minecraft:melon_slice":272,"minecraft:furnace":1,"minecraft:stick":9,"minecraft:oak_fence":7,"minecraft:torch":69,"magistuarmory:rusted_heavymace":2,"minecraft:porkchop":30,"minecraft:diorite":11,"tombstone:grave_dust":1,"supplementaries:flax":5,"magistuarmory:rustedcrusader_chestplate":4,"minecraft:stone_sword":2,"minecraft:rotten_flesh":57,"minecraft:tropical_fish":1,"supplementaries:antique_ink":5,"minecraft:cod":1,"minecraft:cobblestone":940,"magistuarmory:rustedchainmail_boots":2,"minecraft:feather":1,"minecraft:cooked_beef":5,"minecraft:andesite":53,"minecraft:jungle_log":90,"minecraft:potato":26,"minecraft:flint":12,"minecraft:tuff":3,"supplementaries:flax_seeds":17,"minecraft:lapis_lazuli":177,"minecraft:dirt":706,"tombstone:familiar_receptacle":1,"minecraft:name_tag":1,"minecraft:bone":12,"minecraft:leather_boots":2,"minecraft:bow":3,"minecraft:wheat_seeds":329,"minecraft:raw_gold":42,"minecraft:mossy_stone_bricks":2,"minecraft:oak_planks":10,"wardrobe:ocelot_skin":1,"minecraft:jungle_planks":7,"minecraft:sand":34,"minecraft:ink_sac":1,"minecraft:bundle":3,"minecraft:diamond":7,"magistuarmory:corruptedroundshield":2,"minecraft:granite":32,"minecraft:golden_apple":1,"minecraft:bread":8,"minecraft:oak_leaves":2,"iceandfire:raw_silver":11,"minecraft:cocoa_beans":9,"minecraft:crafting_table":1,"minecraft:chest_minecart":8,"minecraft:wooden_pickaxe":2,"minecraft:chain":2,"minecraft:wooden_sword":2,"minecraft:iron_shovel":1,"minecraft:cracked_stone_bricks":3,"minecraft:detector_rail":6,"minecraft:beef":7,"minecraft:poppy":1,"minecraft:light_gray_wool":2,"supplementaries:rope":9,"minecraft:raw_iron":158,"minecraft:copper_ingot":1,"minecraft:bowl":1,"minecraft:redstone":54,"minecraft:arrow":7,"minecraft:beetroot_seeds":51,"minecraft:glow_berries":40,"minecraft:mutton":17,"minecraft:white_wool":32,"minecraft:rail":24,"minecraft:leather":6,"minecraft:gunpowder":1,"minecraft:heart_pottery_sherd":1,"tombstone:gift":4,"minecraft:cooked_mutton":1,"minecraft:iron_ingot":6,"tombstone:tablet_of_guard":1,"minecraft:cooked_chicken":1,"tombstone:bag_of_seeds":1,"minecraft:iron_sword":1,"minecraft:oak_slab":3,"minecraft:smooth_basalt":1,"minecraft:pumpkin":4,"magistuarmory:rustedchainmail_chestplate":1,"minecraft:dandelion":3,"minecraft:gravel":94,"minecraft:amethyst_shard":64,"minecraft:white_bed":7,"magistuarmory:rustedchainmail_leggings":1,"minecraft:pumpkin_seeds":2,"minecraft:stone_axe":1,"minecraft:gray_wool":9,"minecraft:black_wool":4,"minecraft:melon_seeds":6,"minecraft:coal":99},"minecraft:killed_by":{"minecraft:creeper":2,"minecraft:zombie":4,"minecraft:enderman":1,"minecraft:skeleton":8},"minecraft:mined":{"minecraft:white_bed":7,"minecraft:farmland":11,"minecraft:granite":27,"minecraft:budding_amethyst":2,"minecraft:grass_block":389,"minecraft:jungle_log":92,"minecraft:iron_ore":112,"minecraft:cobbled_deepslate":4,"minecraft:pumpkin":4,"minecraft:deepslate_lapis_ore":6,"minecraft:dirt_path":2,"minecraft:deepslate_redstone_ore":10,"minecraft:melon_stem":1,"minecraft:amethyst_cluster":16,"minecraft:torch":5,"minecraft:poppy":1,"minecraft:melon":52,"minecraft:cobblestone":46,"minecraft:oak_planks":5,"minecraft:wall_torch":3,"minecraft:amethyst_block":36,"minecraft:deepslate_copper_ore":1,"minecraft:seagrass":1,"minecraft:chain":2,"minecraft:wheat":116,"minecraft:grass":324,"minecraft:beetroots":20,"minecraft:sand":37,"minecraft:dirt":227,"minecraft:smooth_basalt":2,"minecraft:oak_leaves":4,"minecraft:deepslate":171,"minecraft:tuff":7,"iceandfire:silver_ore":7,"minecraft:deepslate_diamond_ore":7,"minecraft:glow_lichen":2,"minecraft:jungle_planks":6,"iceandfire:deepslate_silver_ore":4,"minecraft:redstone_ore":6,"minecraft:furnace":1,"supplementaries:flax":4,"minecraft:andesite":46,"minecraft:potatoes":9,"minecraft:deepslate_iron_ore":51,"minecraft:vine":30,"minecraft:rail":2,"minecraft:stone":473,"minecraft:dandelion":3,"minecraft:oak_fence":3,"minecraft:crafting_table":1,"minecraft:tall_grass":13,"minecraft:copper_ore":30,"minecraft:lapis_ore":27,"minecraft:deepslate_gold_ore":38,"minecraft:diorite":41,"supplementaries:urn":14,"minecraft:coal_ore":79,"minecraft:gravel":111,"minecraft:cobweb":11,"minecraft:cracked_stone_bricks":2,"minecraft:gold_ore":4,"minecraft:mossy_stone_bricks":2,"minecraft:fern":44},"minecraft:crafted":{"minecraft:oak_planks":352,"minecraft:cooked_chicken":1,"minecraft:cooked_mutton":17,"minecraft:glass":15,"minecraft:iron_boots":2,"minecraft:melon_seeds":12,"minecraft:chest":4,"minecraft:stone_hoe":1,"minecraft:oak_fence":48,"minecraft:cooked_porkchop":30,"minecraft:crafting_table":7,"minecraft:wooden_pickaxe":4,"minecraft:iron_helmet":2,"minecraft:copper_ingot":14,"minecraft:birch_planks":24,"minecraft:iron_chestplate":2,"minecraft:shield":2,"minecraft:stick":132,"minecraft:iron_pickaxe":5,"minecraft:iron_ingot":146,"minecraft:compass":1,"minecraft:stone_sword":3,"minecraft:gold_ingot":10,"minecraft:shears":1,"minecraft:wooden_sword":4,"minecraft:stone_shovel":2,"minecraft:fishing_rod":1,"minecraft:furnace":1,"minecraft:bone_meal":27,"minecraft:iron_hoe":1,"minecraft:stone_pickaxe":8,"minecraft:cooked_beef":9,"minecraft:cooked_cod":5,"minecraft:iron_sword":6,"minecraft:cooked_salmon":3,"minecraft:bucket":1,"minecraft:stone_axe":1,"minecraft:jungle_planks":272,"minecraft:oak_fence_gate":2,"minecraft:oak_boat":1,"minecraft:jungle_door":3,"minecraft:iron_shovel":1,"minecraft:iron_leggings":2,"minecraft:white_bed":2,"minecraft:torch":84}},"DataVersion":3465}