{"stats":{"minecraft:broken":{"minecraft:iron_shovel":13,"minecraft:iron_boots":1,"minecraft:stone_pickaxe":5,"minecraft:iron_sword":1,"minecraft:stone_shovel":2,"minecraft:stone_sword":2,"minecraft:stone_hoe":1,"minecraft:wooden_pickaxe":2,"minecraft:iron_axe":2,"minecraft:iron_pickaxe":7,"minecraft:iron_helmet":1},"minecraft:used":{"minecraft:beetroot":24,"minecraft:iron_shovel":3405,"minecraft:chest":7,"minecraft:shield":76,"minecraft:stone":27,"minecraft:iron_sword":847,"minecraft:jungle_planks":171,"minecraft:tuff":22,"minecraft:cooked_cod":5,"minecraft:oak_sapling":1,"minecraft:furnace":14,"minecraft:beetroot_seeds":85,"minecraft:potato":95,"minecraft:diorite":2,"minecraft:mossy_stone_bricks":1,"minecraft:stone_pickaxe":648,"minecraft:oak_planks":650,"minecraft:wooden_pickaxe":116,"minecraft:sandstone":12,"minecraft:jungle_pressure_plate":1,"minecraft:golden_apple":1,"minecraft:glow_berries":40,"minecraft:sand":18,"minecraft:shears":2,"minecraft:pumpkin_seeds":6,"minecraft:stone_button":1,"minecraft:melon_slice":224,"minecraft:bread":17,"minecraft:oak_pressure_plate":3,"minecraft:iron_door":2,"minecraft:gravel":12,"supplementaries:flax_seeds":10,"minecraft:wooden_sword":40,"minecraft:andesite":34,"minecraft:oak_boat":6,"minecraft:bone_meal":27,"minecraft:oak_fence":39,"minecraft:stone_sword":258,"minecraft:stone_shovel":262,"minecraft:cooked_salmon":1,"minecraft:cooked_chicken":2,"minecraft:stone_hoe":174,"minecraft:torch":330,"minecraft:dirt":2813,"minecraft:cobblestone_wall":5,"minecraft:granite":7,"minecraft:oak_fence_gate":2,"minecraft:iron_hoe":245,"minecraft:iron_axe":553,"minecraft:jungle_log":8,"minecraft:melon_seeds":16,"minecraft:light_gray_bed":1,"minecraft:cooked_beef":8,"minecraft:enchanted_golden_apple":1,"minecraft:cobbled_deepslate":97,"minecraft:cobbled_deepslate_wall":49,"minecraft:wheat_seeds":330,"minecraft:cooked_mutton":19,"minecraft:water_bucket":45,"minecraft:baked_potato":41,"minecraft:oak_slab":83,"minecraft:crafting_table":17,"minecraft:white_bed":23,"minecraft:oak_log":2,"minecraft:black_wool":2,"minecraft:apple":1,"minecraft:oak_button":1,"minecraft:iron_pickaxe":1938,"minecraft:stone_axe":67,"minecraft:fishing_rod":80,"minecraft:cobblestone":319,"minecraft:cooked_porkchop":30,"minecraft:jungle_door":2,"minecraft:bucket":45,"minecraft:glass_pane":158,"minecraft:stripped_oak_log":144,"minecraft:dandelion":1},"minecraft:custom":{"minecraft:animals_bred":94,"minecraft:interact_with_crafting_table":121,"minecraft:eat_cake_slice":5,"minecraft:leave_game":11,"minecraft:time_since_death":79282,"minecraft:damage_resisted":151,"minecraft:sprint_one_cm":2822420,"minecraft:damage_blocked_by_shield":4605,"minecraft:drop":281,"minecraft:talked_to_villager":5,"minecraft:play_time":1286491,"minecraft:deaths":20,"minecraft:jump":9753,"minecraft:walk_on_water_one_cm":228178,"minecraft:interact_with_furnace":193,"minecraft:sleep_in_bed":52,"minecraft:damage_dealt":24584,"minecraft:player_kills":1,"minecraft:crouch_one_cm":30531,"tombstone:undead_killed":77,"minecraft:mob_kills":160,"minecraft:climb_one_cm":32552,"minecraft:walk_one_cm":4557279,"minecraft:sneak_time":5297,"minecraft:walk_under_water_one_cm":166830,"minecraft:boat_one_cm":1755276,"minecraft:total_world_time":1286491,"tombstone:raider_killed":3,"minecraft:time_since_rest":8461,"minecraft:damage_taken":14747,"minecraft:damage_absorbed":180,"minecraft:swim_one_cm":72022,"minecraft:fly_one_cm":1301178,"minecraft:open_chest":222,"minecraft:fish_caught":30,"minecraft:fall_one_cm":141168},"minecraft:dropped":{"minecraft:iron_sword":9,"minecraft:cooked_beef":15,"minecraft:baked_potato":24,"magistuarmory:rustedcrusader_chestplate":4,"minecraft:sandstone_slab":11,"minecraft:chest_minecart":6,"minecraft:jungle_planks":2,"minecraft:cracked_stone_bricks":3,"minecraft:rail":50,"minecraft:cod":6,"minecraft:dirt":313,"minecraft:birch_fence":10,"supplementaries:rope":4,"alexsmobs:roadrunner_feather":1,"minecraft:cornflower":6,"minecraft:wooden_sword":6,"supplementaries:flax":1,"minecraft:gold_nugget":7,"minecraft:sand":43,"minecraft:iron_pickaxe":3,"magistuarmory:corruptedroundshield":2,"minecraft:fishing_rod":2,"minecraft:white_wool":15,"minecraft:bone":5,"magistuarmory:rustedchainmail_leggings":1,"minecraft:gravel":87,"minecraft:stone_axe":2,"minecraft:compass":1,"minecraft:iron_nugget":15,"minecraft:detector_rail":3,"minecraft:cobbled_deepslate":386,"minecraft:wheat":16,"tombstone:gift":4,"minecraft:rotten_flesh":65,"wardrobe:ocelot_skin":1,"minecraft:oak_planks":10,"minecraft:cooked_mutton":16,"minecraft:azure_bluet":6,"minecraft:white_bed":2,"minecraft:poppy":7,"supplementaries:flax_seeds":16,"minecraft:gunpowder":2,"minecraft:beetroot_seeds":16,"minecraft:melon_seeds":6,"minecraft:leather_boots":1,"magistuarmory:rustedchainmail_chestplate":1,"magistuarmory:rustedchainmail_boots":2,"iceandfire:deathworm_chitin_yellow":6,"minecraft:oak_leaves":2,"minecraft:egg":1,"minecraft:water_bucket":1,"minecraft:iron_ingot":15,"minecraft:bread":30,"minecraft:oak_slab":3,"minecraft:wheat_seeds":207,"minecraft:poisonous_potato":1,"minecraft:oak_fence":4,"minecraft:iron_helmet":2,"minecraft:cobblestone":793,"minecraft:granite":28,"minecraft:coal":35,"minecraft:stick":2,"minecraft:oxeye_daisy":1,"minecraft:diorite":10,"minecraft:torch":17,"tombstone:grave_key":7,"minecraft:melon_slice":113,"tombstone:grave_dust":3,"minecraft:iron_leggings":3,"minecraft:iron_axe":1,"magistuarmory:rustedbarbute":1,"minecraft:iron_shovel":2,"minecraft:string":7,"minecraft:dandelion":68,"minecraft:stone_brick_slab":1,"minecraft:kelp":5,"minecraft:stone_sword":3,"minecraft:raw_copper":5,"minecraft:deepslate":1,"minecraft:tuff":3,"minecraft:iron_boots":2,"minecraft:iron_hoe":1,"minecraft:stripped_oak_log":192,"minecraft:shield":3,"minecraft:iron_chestplate":3,"minecraft:andesite":43,"minecraft:mossy_stone_bricks":1,"minecraft:oak_sapling":1,"minecraft:sandstone":3,"minecraft:stone_pickaxe":3,"minecraft:wooden_pickaxe":4,"minecraft:black_wool":128},"minecraft:killed":{"minecraft:spider":8,"minecraft:skeleton":14,"mowziesmobs:foliaath":1,"minecraft:pig":15,"minecraft:zombie_villager":1,"minecraft:creeper":3,"minecraft:sheep":23,"minecraft:pillager":3,"minecraft:zombie":59,"minecraft:cow":2,"alexsmobs:tarantula_hawk":1,"minecraft:drowned":3,"iceandfire:deathworm":2,"alexsmobs:guster":5,"minecraft:squid":16},"minecraft:picked_up":{"minecraft:wheat":223,"minecraft:enchanted_book":1,"tombstone:grave_key":1,"minecraft:amethyst_block":36,"minecraft:string":18,"minecraft:raw_copper":133,"minecraft:pufferfish":1,"minecraft:beetroot":99,"minecraft:activator_rail":6,"minecraft:cobbled_deepslate":607,"minecraft:gold_nugget":70,"minecraft:iron_pickaxe":3,"minecraft:melon_slice":327,"minecraft:furnace":11,"minecraft:stick":12,"minecraft:oak_fence":7,"minecraft:torch":149,"minecraft:acacia_log":2,"magistuarmory:rusted_heavymace":2,"minecraft:porkchop":30,"iceandfire:rotten_egg":1,"tombstone:grave_dust":4,"minecraft:diorite":12,"supplementaries:flax":5,"magistuarmory:rustedcrusader_chestplate":4,"minecraft:stone_sword":2,"minecraft:light_gray_bed":2,"minecraft:rotten_flesh":66,"minecraft:tropical_fish":1,"iceandfire:deathworm_chitin_yellow":6,"supplementaries:antique_ink":5,"minecraft:obsidian":7,"minecraft:cod":1,"minecraft:cobblestone":1465,"minecraft:feather":1,"minecraft:cooked_beef":10,"magistuarmory:rustedchainmail_boots":2,"minecraft:andesite":77,"minecraft:jungle_log":90,"minecraft:jungle_wood":58,"minecraft:potato":256,"minecraft:flint":13,"minecraft:tuff":25,"supplementaries:flax_seeds":25,"minecraft:lapis_lazuli":177,"minecraft:dirt":3732,"tombstone:familiar_receptacle":1,"minecraft:name_tag":1,"minecraft:leather_boots":2,"minecraft:bone":30,"minecraft:glass":31,"minecraft:bow":3,"minecraft:cobbled_deepslate_wall":1,"minecraft:wheat_seeds":769,"minecraft:raw_gold":48,"minecraft:mossy_stone_bricks":2,"minecraft:glowstone_dust":14,"minecraft:oak_planks":24,"minecraft:poisonous_potato":1,"wardrobe:ocelot_skin":1,"minecraft:sand":364,"minecraft:jungle_planks":7,"minecraft:ink_sac":36,"minecraft:chiseled_sandstone":2,"minecraft:iron_hoe":1,"minecraft:bundle":3,"minecraft:diamond":7,"magistuarmory:corruptedroundshield":2,"minecraft:granite":35,"minecraft:golden_apple":1,"minecraft:bread":18,"minecraft:oak_sapling":2,"minecraft:oak_leaves":2,"iceandfire:raw_silver":11,"minecraft:fishing_rod":1,"minecraft:cocoa_beans":9,"minecraft:crafting_table":4,"minecraft:sandstone_slab":11,"minecraft:azure_bluet":6,"minecraft:chest_minecart":8,"minecraft:wooden_pickaxe":2,"alexsmobs:roadrunner_feather":1,"minecraft:chain":2,"minecraft:cornflower":6,"minecraft:iron_axe":3,"minecraft:wooden_sword":2,"minecraft:iron_shovel":1,"minecraft:birch_fence":10,"minecraft:cracked_stone_bricks":3,"minecraft:detector_rail":6,"minecraft:beef":8,"minecraft:oak_boat":3,"minecraft:iron_nugget":15,"minecraft:poppy":7,"minecraft:light_gray_wool":44,"supplementaries:rope":9,"minecraft:egg":10,"minecraft:raw_iron":313,"minecraft:sandstone":15,"minecraft:stone":45,"minecraft:copper_ingot":1,"minecraft:bowl":1,"magistuarmory:rustedbarbute":1,"minecraft:stone_button":1,"minecraft:carrot":63,"minecraft:redstone":64,"minecraft:arrow":14,"minecraft:beetroot_seeds":147,"minecraft:hay_block":87,"minecraft:glow_berries":40,"minecraft:mutton":37,"minecraft:rail":100,"minecraft:white_wool":70,"minecraft:oxeye_daisy":2,"minecraft:stripped_oak_log":478,"minecraft:leather":7,"minecraft:oak_log":343,"minecraft:cobblestone_wall":5,"minecraft:gunpowder":3,"minecraft:heart_pottery_sherd":1,"tombstone:gift":4,"minecraft:cooked_mutton":1,"minecraft:apple":1,"minecraft:kelp":5,"mowziesmobs:foliaath_seed":2,"minecraft:rabbit_hide":1,"minecraft:iron_ingot":66,"tombstone:tablet_of_guard":1,"minecraft:cooked_chicken":1,"tombstone:bag_of_seeds":1,"minecraft:iron_sword":3,"minecraft:oak_slab":7,"minecraft:smooth_basalt":1,"minecraft:pumpkin":4,"magistuarmory:rustedchainmail_chestplate":1,"minecraft:stone_brick_slab":1,"minecraft:dandelion":69,"minecraft:gravel":97,"minecraft:amethyst_shard":64,"minecraft:white_bed":23,"magistuarmory:rustedchainmail_leggings":1,"minecraft:pumpkin_seeds":2,"minecraft:stone_axe":1,"minecraft:gray_wool":49,"minecraft:melon_seeds":6,"minecraft:black_wool":560,"minecraft:coal":442},"minecraft:killed_by":{"minecraft:creeper":2,"minecraft:pillager":1,"minecraft:zombie":6,"minecraft:enderman":1,"minecraft:skeleton":10},"minecraft:mined":{"minecraft:white_bed":22,"minecraft:farmland":11,"minecraft:jungle_leaves":9,"minecraft:granite":29,"minecraft:budding_amethyst":2,"minecraft:acacia_log":2,"minecraft:grass_block":2528,"minecraft:jungle_log":92,"minecraft:light_gray_bed":1,"minecraft:oxeye_daisy":1,"minecraft:tall_seagrass":2,"minecraft:glowstone":5,"minecraft:iron_ore":208,"minecraft:cobbled_deepslate":13,"minecraft:fire":2,"minecraft:pumpkin":4,"minecraft:deepslate_lapis_ore":6,"minecraft:dirt_path":2,"minecraft:birch_wall_sign":3,"minecraft:sandstone_slab":11,"minecraft:deepslate_redstone_ore":12,"minecraft:cut_sandstone":1,"minecraft:melon_stem":1,"minecraft:amethyst_cluster":16,"minecraft:torch":12,"minecraft:poppy":5,"minecraft:melon":63,"minecraft:dead_bush":2,"minecraft:cobblestone":55,"minecraft:oak_planks":9,"minecraft:sugar_cane":2,"minecraft:wall_torch":7,"minecraft:amethyst_block":36,"minecraft:deepslate_copper_ore":1,"minecraft:skeleton_skull":1,"minecraft:seagrass":7,"minecraft:chain":2,"minecraft:jungle_wood":59,"minecraft:wheat":247,"minecraft:grass":1169,"minecraft:oak_log":12,"minecraft:beetroots":63,"minecraft:sand":290,"minecraft:dirt":1095,"minecraft:smooth_basalt":2,"minecraft:raw_copper_block":1,"minecraft:oak_leaves":32,"minecraft:deepslate":531,"minecraft:tuff":25,"iceandfire:silver_ore":7,"minecraft:deepslate_diamond_ore":7,"minecraft:glow_lichen":2,"minecraft:jungle_planks":6,"iceandfire:deepslate_silver_ore":4,"minecraft:sandstone":22,"minecraft:hay_block":90,"minecraft:redstone_ore":6,"minecraft:furnace":7,"minecraft:carrots":19,"supplementaries:flax":4,"minecraft:chiseled_sandstone":2,"minecraft:andesite":59,"minecraft:potatoes":78,"minecraft:deepslate_iron_ore":74,"minecraft:vine":36,"minecraft:rail":3,"minecraft:stripped_oak_log":493,"minecraft:stone":1065,"minecraft:oak_slab":3,"minecraft:scaffolding":3,"minecraft:glass_pane":7,"minecraft:stone_brick_slab":1,"minecraft:dandelion":33,"minecraft:cobbled_deepslate_wall":1,"minecraft:oak_fence":3,"minecraft:smooth_sandstone":2,"minecraft:crafting_table":4,"minecraft:cornflower":2,"minecraft:copper_ore":32,"minecraft:tall_grass":62,"minecraft:lapis_ore":27,"minecraft:deepslate_gold_ore":40,"minecraft:diorite":45,"supplementaries:urn":26,"minecraft:cactus":5,"minecraft:cobblestone_wall":5,"minecraft:black_wool":2,"minecraft:coal_ore":219,"minecraft:gravel":118,"minecraft:cobweb":11,"minecraft:cracked_stone_bricks":2,"minecraft:stone_bricks":1,"minecraft:mossy_stone_bricks":2,"minecraft:gold_ore":8,"minecraft:birch_fence":20,"minecraft:fern":45},"minecraft:crafted":{"minecraft:black_dye":36,"minecraft:oak_planks":1266,"minecraft:oak_pressure_plate":3,"minecraft:cooked_chicken":1,"minecraft:stone":236,"minecraft:cooked_mutton":35,"minecraft:glass":201,"minecraft:iron_boots":4,"minecraft:melon_seeds":12,"minecraft:chest":7,"minecraft:oak_button":1,"minecraft:iron_door":3,"minecraft:black_wool":16,"minecraft:stone_hoe":1,"minecraft:oak_fence":48,"minecraft:oak_slab":186,"minecraft:deepslate":1,"minecraft:cooked_porkchop":30,"minecraft:crafting_table":13,"minecraft:iron_helmet":4,"minecraft:wooden_pickaxe":4,"minecraft:baked_potato":167,"minecraft:jungle_pressure_plate":1,"minecraft:cobbled_deepslate_wall":60,"minecraft:copper_ingot":14,"minecraft:birch_planks":48,"minecraft:iron_chestplate":4,"minecraft:shield":4,"minecraft:stick":192,"minecraft:iron_ingot":288,"minecraft:compass":1,"minecraft:iron_pickaxe":8,"minecraft:stone_sword":3,"minecraft:gold_ingot":16,"minecraft:shears":1,"minecraft:wooden_sword":4,"minecraft:stone_shovel":2,"minecraft:fishing_rod":1,"minecraft:furnace":3,"minecraft:bone_meal":27,"minecraft:glass_pane":240,"minecraft:iron_axe":1,"minecraft:iron_hoe":1,"minecraft:stone_pickaxe":8,"minecraft:cobblestone_wall":30,"minecraft:cooked_beef":10,"minecraft:cooked_cod":5,"minecraft:iron_sword":8,"minecraft:cooked_salmon":3,"minecraft:bucket":2,"minecraft:stone_axe":1,"minecraft:jungle_planks":288,"minecraft:oak_fence_gate":2,"minecraft:oak_boat":3,"minecraft:jungle_door":3,"minecraft:iron_shovel":15,"minecraft:iron_leggings":4,"minecraft:white_bed":4,"minecraft:acacia_planks":8,"minecraft:torch":188}},"DataVersion":3465}